BHID,From,To,X,Y,Z,surface,series,id,order_series
BH1,0,1,582682.34,3639203.55,1802.0,rock1,series2,2,2
BH1,1,2,582682.34,3639203.55,1803.0,rock1,series2,2,2
BH1,2,3,582682.34,3639203.55,1804.0,rock1,series2,2,2
BH1,3,4,582682.34,3639203.55,1805.0,rock1,series2,2,2
BH1,4,5,582682.34,3639203.55,1806.0,rock1,series2,2,2
BH1,5,6,582682.34,3639203.55,1807.0,rock1,series2,2,2
BH1,6,7,582682.34,3639203.55,1808.0,rock1,series2,2,2
BH1,7,8,582682.34,3639203.55,1809.0,rock1,series2,2,2
BH1,8,9,582682.34,3639203.55,1810.0,rock1,series2,2,2
BH1,9,10,582682.34,3639203.55,1811.0,rock1,series2,2,2
BH1,10,11,582682.34,3639203.55,1812.0,rock1,series2,2,2
BH1,11,12,582682.34,3639203.55,1813.0,rock1,series2,2,2
BH1,12,13,582682.34,3639203.55,1814.0,rock1,series2,2,2
BH1,13,14,582682.34,3639203.55,1815.0,rock1,series2,2,2
BH1,14,15,582682.34,3639203.55,1816.0,rock1,series2,2,2
BH1,15,16,582682.34,3639203.55,1817.0,rock1,series2,2,2
BH1,16,17,582682.34,3639203.55,1818.0,rock1,series2,2,2
BH1,17,18,582682.34,3639203.55,1819.0,rock1,series2,2,2
BH1,18,19,582682.34,3639203.55,1820.0,rock1,series2,2,2
BH1,19,20,582682.34,3639203.55,1821.0,rock1,series2,2,2
BH1,20,21,582682.34,3639203.55,1822.0,rock1,series2,2,2
BH1,21,22,582682.34,3639203.55,1823.0,rock1,series2,2,2
BH1,22,23,582682.34,3639203.55,1824.0,rock1,series2,2,2
BH1,23,24,582682.34,3639203.55,1825.0,rock1,series2,2,2
BH1,24,25,582682.34,3639203.55,1826.0,rock1,series2,2,2
BH1,25,26,582682.34,3639203.55,1827.0,rock1,series2,2,2
BH1,26,27,582682.34,3639203.55,1828.0,rock1,series2,2,2
BH1,27,28,582682.34,3639203.55,1829.0,rock1,series2,2,2
BH1,28,29,582682.34,3639203.55,1830.0,rock1,series2,2,2
BH1,29,30,582682.34,3639203.55,1831.0,rock1,series2,2,2
BH1,30,31,582682.34,3639203.55,1832.0,rock1,series2,2,2
BH1,31,32,582682.34,3639203.55,1833.0,rock1,series2,2,2
BH1,32,33,582682.34,3639203.55,1834.0,rock1,series2,2,2
BH1,33,34,582682.34,3639203.55,1835.0,rock1,series2,2,2
BH1,34,35,582682.34,3639203.55,1836.0,rock1,series2,2,2
BH1,35,36,582682.34,3639203.55,1837.0,rock1,series2,2,2
BH1,36,37,582682.34,3639203.55,1838.0,rock1,series2,2,2
BH1,37,38,582682.34,3639203.55,1839.0,rock1,series2,2,2
BH1,38,39,582682.34,3639203.55,1840.0,rock1,series2,2,2
BH1,39,40,582682.34,3639203.55,1841.0,rock1,series2,2,2
BH1,40,41,582682.34,3639203.55,1842.0,rock1,series2,2,2
BH1,41,42,582682.34,3639203.55,1843.0,rock1,series2,2,2
BH1,42,43,582682.34,3639203.55,1844.0,rock1,series2,2,2
BH1,43,44,582682.34,3639203.55,1845.0,rock1,series2,2,2
BH1,44,45,582682.34,3639203.55,1846.0,rock1,series2,2,2
BH1,45,46,582682.34,3639203.55,1847.0,rock1,series2,2,2
BH1,46,47,582682.34,3639203.55,1848.0,rock1,series2,2,2
BH1,47,48,582682.34,3639203.55,1849.0,rock1,series2,2,2
BH1,48,49,582682.34,3639203.55,1850.0,rock1,series2,2,2
BH1,49,50,582682.34,3639203.55,1851.0,rock1,series2,2,2
BH1,50,51,582682.34,3639203.55,1852.0,rock1,series2,2,2
BH1,51,52,582682.34,3639203.55,1853.0,rock1,series2,2,2
BH1,52,53,582682.34,3639203.55,1854.0,rock1,series2,2,2
BH1,53,54,582682.34,3639203.55,1855.0,rock1,series2,2,2
BH1,54,55,582682.34,3639203.55,1856.0,rock1,series2,2,2
BH1,55,56,582682.34,3639203.55,1857.0,rock1,series2,2,2
BH1,56,57,582682.34,3639203.55,1858.0,rock1,series2,2,2
BH1,57,58,582682.34,3639203.55,1859.0,rock1,series2,2,2
BH1,58,59,582682.34,3639203.55,1860.0,rock1,series2,2,2
BH1,59,60,582682.34,3639203.55,1861.0,rock1,series2,2,2
BH1,60,61,582682.34,3639203.55,1862.0,rock1,series2,2,2
BH1,61,62,582682.34,3639203.55,1863.0,rock1,series2,2,2
BH1,62,63,582682.34,3639203.55,1864.0,rock1,series2,2,2
BH1,63,64,582682.34,3639203.55,1865.0,rock1,series2,2,2
BH1,64,65,582682.34,3639203.55,1866.0,rock1,series2,2,2
BH1,65,66,582682.34,3639203.55,1867.0,rock1,series2,2,2
BH1,66,67,582682.34,3639203.55,1868.0,rock1,series2,2,2
BH1,67,68,582682.34,3639203.55,1869.0,rock1,series2,2,2
BH1,68,69,582682.34,3639203.55,1870.0,rock1,series2,2,2
BH1,69,70,582682.34,3639203.55,1871.0,rock1,series2,2,2
BH1,70,71,582682.34,3639203.55,1872.0,rock1,series2,2,2
BH1,71,72,582682.34,3639203.55,1873.0,rock1,series2,2,2
BH1,72,73,582682.34,3639203.55,1874.0,rock1,series2,2,2
BH1,73,74,582682.34,3639203.55,1875.0,rock1,series2,2,2
BH1,74,75,582682.34,3639203.55,1876.0,rock1,series2,2,2
BH1,75,76,582682.34,3639203.55,1877.0,rock1,series2,2,2
BH1,76,77,582682.34,3639203.55,1878.0,rock1,series2,2,2
BH1,77,78,582682.34,3639203.55,1879.0,rock1,series2,2,2
BH1,78,79,582682.34,3639203.55,1880.0,rock1,series2,2,2
BH1,79,80,582682.34,3639203.55,1881.0,rock1,series2,2,2
BH1,80,81,582682.34,3639203.55,1882.0,rock1,series2,2,2
BH1,81,82,582682.34,3639203.55,1883.0,rock1,series2,2,2
BH1,82,83,582682.34,3639203.55,1884.0,rock1,series2,2,2
BH1,83,84,582682.34,3639203.55,1885.0,rock1,series2,2,2
BH1,84,85,582682.34,3639203.55,1886.0,rock1,series2,2,2
BH1,85,86,582682.34,3639203.55,1887.0,rock1,series2,2,2
BH1,86,87,582682.34,3639203.55,1888.0,rock1,series2,2,2
BH1,87,88,582682.34,3639203.55,1889.0,rock1,series2,2,2
BH1,88,89,582682.34,3639203.55,1890.0,rock1,series2,2,2
BH1,89,90,582682.34,3639203.55,1891.0,rock1,series2,2,2
BH1,90,91,582682.34,3639203.55,1892.0,rock1,series2,2,2
BH1,91,92,582682.34,3639203.55,1893.0,rock1,series2,2,2
BH1,92,93,582682.34,3639203.55,1894.0,rock1,series2,2,2
BH1,93,94,582682.34,3639203.55,1895.0,rock1,series2,2,2
BH1,94,95,582682.34,3639203.55,1896.0,rock1,series2,2,2
BH1,95,96,582682.34,3639203.55,1897.0,rock1,series2,2,2
BH1,96,97,582682.34,3639203.55,1898.0,rock1,series2,2,2
BH1,97,98,582682.34,3639203.55,1899.0,rock1,series2,2,2
BH1,98,99,582682.34,3639203.55,1900.0,rock1,series2,2,2
BH1,99,100,582682.34,3639203.55,1901.0,rock1,series2,2,2
BH1,100,101,582682.34,3639203.55,1902.0,rock1,series2,2,2
BH1,101,102,582682.34,3639203.55,1903.0,rock1,series2,2,2
BH1,102,103,582682.34,3639203.55,1904.0,rock1,series2,2,2
BH1,103,104,582682.34,3639203.55,1905.0,rock1,series2,2,2
BH1,104,105,582682.34,3639203.55,1906.0,rock1,series2,2,2
BH1,105,106,582682.34,3639203.55,1907.0,rock1,series2,2,2
BH1,106,107,582682.34,3639203.55,1908.0,rock1,series2,2,2
BH1,107,108,582682.34,3639203.55,1909.0,rock1,series2,2,2
BH1,108,109,582682.34,3639203.55,1910.0,rock1,series2,2,2
BH1,109,110,582682.34,3639203.55,1911.0,rock1,series2,2,2
BH1,110,111,582682.34,3639203.55,1912.0,rock1,series2,2,2
BH1,111,112,582682.34,3639203.55,1913.0,rock1,series2,2,2
BH1,112,113,582682.34,3639203.55,1914.0,rock1,series2,2,2
BH1,113,114,582682.34,3639203.55,1915.0,rock1,series2,2,2
BH1,114,115,582682.34,3639203.55,1916.0,rock1,series2,2,2
BH1,115,116,582682.34,3639203.55,1917.0,rock1,series2,2,2
BH1,116,117,582682.34,3639203.55,1918.0,rock1,series2,2,2
BH1,117,118,582682.34,3639203.55,1919.0,rock1,series2,2,2
BH1,118,119,582682.34,3639203.55,1920.0,rock1,series2,2,2
BH1,119,120,582682.34,3639203.55,1921.0,rock1,series2,2,2
BH1,120,121,582682.34,3639203.55,1922.0,rock1,series2,2,2
BH1,121,122,582682.34,3639203.55,1923.0,rock1,series2,2,2
BH1,122,123,582682.34,3639203.55,1924.0,rock1,series2,2,2
BH1,123,124,582682.34,3639203.55,1925.0,rock1,series2,2,2
BH1,124,125,582682.34,3639203.55,1926.0,rock1,series2,2,2
BH1,125,126,582682.34,3639203.55,1927.0,rock1,series2,2,2
BH1,126,127,582682.34,3639203.55,1928.0,rock1,series2,2,2
BH1,127,128,582682.34,3639203.55,1929.0,rock1,series2,2,2
BH1,128,129,582682.34,3639203.55,1930.0,rock1,series2,2,2
BH1,129,130,582682.34,3639203.55,1931.0,rock1,series2,2,2
BH1,130,131,582682.34,3639203.55,1932.0,rock1,series2,2,2
BH1,131,132,582682.34,3639203.55,1933.0,rock1,series2,2,2
BH1,132,133,582682.34,3639203.55,1934.0,rock1,series2,2,2
BH1,133,134,582682.34,3639203.55,1935.0,rock1,series2,2,2
BH1,134,135,582682.34,3639203.55,1936.0,rock1,series2,2,2
BH1,135,136,582682.34,3639203.55,1937.0,rock1,series2,2,2
BH1,136,137,582682.34,3639203.55,1938.0,rock1,series2,2,2
BH1,137,138,582682.34,3639203.55,1939.0,rock1,series2,2,2
BH1,138,139,582682.34,3639203.55,1940.0,rock1,series2,2,2
BH1,139,140,582682.34,3639203.55,1941.0,rock1,series2,2,2
BH1,140,141,582682.34,3639203.55,1942.0,rock1,series2,2,2
BH1,141,142,582682.34,3639203.55,1943.0,rock1,series2,2,2
BH1,142,143,582682.34,3639203.55,1944.0,rock1,series2,2,2
BH1,143,144,582682.34,3639203.55,1945.0,rock1,series2,2,2
BH1,144,145,582682.34,3639203.55,1946.0,rock1,series2,2,2
BH1,145,146,582682.34,3639203.55,1947.0,rock1,series2,2,2
BH1,146,147,582682.34,3639203.55,1948.0,rock1,series2,2,2
BH1,147,148,582682.34,3639203.55,1949.0,rock1,series2,2,2
BH1,148,149,582682.34,3639203.55,1950.0,rock1,series2,2,2
BH1,149,150,582682.34,3639203.55,1951.0,rock1,series2,2,2
BH1,150,151,582682.34,3639203.55,1952.0,rock1,series2,2,2
BH1,151,152,582682.34,3639203.55,1953.0,rock1,series2,2,2
BH1,152,153,582682.34,3639203.55,1954.0,rock1,series2,2,2
BH1,153,154,582682.34,3639203.55,1955.0,rock1,series2,2,2
BH1,154,155,582682.34,3639203.55,1956.0,rock1,series2,2,2
BH1,155,156,582682.34,3639203.55,1957.0,rock1,series2,2,2
BH1,156,157,582682.34,3639203.55,1958.0,rock1,series2,2,2
BH1,157,158,582682.34,3639203.55,1959.0,rock1,series2,2,2
BH1,158,159,582682.34,3639203.55,1960.0,rock1,series2,2,2
BH1,159,160,582682.34,3639203.55,1961.0,rock1,series2,2,2
BH1,160,161,582682.34,3639203.55,1962.0,rock1,series2,2,2
BH1,161,162,582682.34,3639203.55,1963.0,rock1,series2,2,2
BH1,162,163,582682.34,3639203.55,1964.0,rock1,series2,2,2
BH1,163,164,582682.34,3639203.55,1965.0,rock1,series2,2,2
BH1,164,165,582682.34,3639203.55,1966.0,rock1,series2,2,2
BH1,165,166,582682.34,3639203.55,1967.0,rock1,series2,2,2
BH1,166,167,582682.34,3639203.55,1968.0,rock1,series2,2,2
BH1,167,168,582682.34,3639203.55,1969.0,rock1,series2,2,2
BH1,168,169,582682.34,3639203.55,1970.0,rock1,series2,2,2
BH1,169,170,582682.34,3639203.55,1971.0,rock1,series2,2,2
BH1,170,171,582682.34,3639203.55,1972.0,rock1,series2,2,2
BH1,171,172,582682.34,3639203.55,1973.0,rock1,series2,2,2
BH1,172,173,582682.34,3639203.55,1974.0,rock1,series2,2,2
BH1,173,174,582682.34,3639203.55,1975.0,rock1,series2,2,2
BH1,174,175,582682.34,3639203.55,1976.0,rock1,series2,2,2
BH1,175,176,582682.34,3639203.55,1977.0,rock1,series2,2,2
BH1,176,177,582682.34,3639203.55,1978.0,rock1,series2,2,2
BH1,177,178,582682.34,3639203.55,1979.0,rock1,series2,2,2
BH1,178,179,582682.34,3639203.55,1980.0,rock1,series2,2,2
BH1,179,180,582682.34,3639203.55,1981.0,rock1,series2,2,2
BH1,180,181,582682.34,3639203.55,1982.0,rock1,series2,2,2
BH1,181,182,582682.34,3639203.55,1983.0,rock1,series2,2,2
BH1,182,183,582682.34,3639203.55,1984.0,rock1,series2,2,2
BH1,183,184,582682.34,3639203.55,1985.0,rock1,series2,2,2
BH1,184,185,582682.34,3639203.55,1986.0,rock1,series2,2,2
BH1,185,186,582682.34,3639203.55,1987.0,rock1,series2,2,2
BH1,186,187,582682.34,3639203.55,1988.0,rock1,series2,2,2
BH1,187,188,582682.34,3639203.55,1989.0,rock1,series2,2,2
BH1,188,189,582682.34,3639203.55,1990.0,rock1,series2,2,2
BH1,189,190,582682.34,3639203.55,1991.0,rock1,series2,2,2
BH1,190,191,582682.34,3639203.55,1992.0,rock1,series2,2,2
BH1,191,192,582682.34,3639203.55,1993.0,rock1,series2,2,2
BH1,192,193,582682.34,3639203.55,1994.0,rock1,series2,2,2
BH1,193,194,582682.34,3639203.55,1995.0,rock1,series2,2,2
BH1,194,195,582682.34,3639203.55,1996.0,rock1,series2,2,2
BH1,195,196,582682.34,3639203.55,1997.0,rock1,series2,2,2
BH1,196,197,582682.34,3639203.55,1998.0,rock1,series2,2,2
BH1,197,198,582682.34,3639203.55,1999.0,rock1,series2,2,2
BH1,198,199,582682.34,3639203.55,2000.0,rock1,series2,2,2
BH1,199,200,582682.34,3639203.55,2001.0,rock1,series2,2,2
BH1,200,201,582682.34,3639203.55,2002.0,rock1,series2,2,2
BH1,201,202,582682.34,3639203.55,2003.0,rock1,series2,2,2
BH1,202,203,582682.34,3639203.55,2004.0,rock1,series2,2,2
BH1,203,204,582682.34,3639203.55,2005.0,rock1,series2,2,2
BH1,204,205,582682.34,3639203.55,2006.0,rock1,series2,2,2
BH1,205,206,582682.34,3639203.55,2007.0,rock1,series2,2,2
BH1,206,207,582682.34,3639203.55,2008.0,rock1,series2,2,2
BH1,207,208,582682.34,3639203.55,2009.0,rock1,series2,2,2
BH1,208,209,582682.34,3639203.55,2010.0,rock1,series2,2,2
BH1,209,210,582682.34,3639203.55,2011.0,rock1,series2,2,2
BH1,210,211,582682.34,3639203.55,2012.0,rock1,series2,2,2
BH1,211,212,582682.34,3639203.55,2013.0,rock1,series2,2,2
BH1,212,213,582682.34,3639203.55,2014.0,rock1,series2,2,2
BH1,213,214,582682.34,3639203.55,2015.0,rock1,series2,2,2
BH1,214,215,582682.34,3639203.55,2016.0,rock1,series2,2,2
BH1,215,216,582682.34,3639203.55,2017.0,rock1,series2,2,2
BH1,216,217,582682.34,3639203.55,2018.0,rock1,series2,2,2
BH1,217,218,582682.34,3639203.55,2019.0,rock1,series2,2,2
BH1,218,219,582682.34,3639203.55,2020.0,rock1,series2,2,2
BH1,219,220,582682.34,3639203.55,2021.0,rock1,series2,2,2
BH1,220,221,582682.34,3639203.55,2022.0,rock1,series2,2,2
BH1,221,222,582682.34,3639203.55,2023.0,rock1,series2,2,2
BH1,222,223,582682.34,3639203.55,2024.0,rock1,series2,2,2
BH1,223,224,582682.34,3639203.55,2025.0,rock1,series2,2,2
BH1,224,225,582682.34,3639203.55,2026.0,rock1,series2,2,2
BH1,225,226,582682.34,3639203.55,2027.0,rock1,series2,2,2
BH1,226,227,582682.34,3639203.55,2028.0,rock1,series2,2,2
BH1,227,228,582682.34,3639203.55,2029.0,rock1,series2,2,2
BH1,228,229,582682.34,3639203.55,2030.0,rock1,series2,2,2
BH1,229,230,582682.34,3639203.55,2031.0,rock1,series2,2,2
BH1,230,231,582682.34,3639203.55,2032.0,rock1,series2,2,2
BH1,231,232,582682.34,3639203.55,2033.0,rock1,series2,2,2
BH1,232,233,582682.34,3639203.55,2034.0,rock1,series2,2,2
BH1,233,234,582682.34,3639203.55,2035.0,rock1,series2,2,2
BH1,234,235,582682.34,3639203.55,2036.0,rock1,series2,2,2
BH1,235,236,582682.34,3639203.55,2037.0,rock1,series2,2,2
BH1,236,237,582682.34,3639203.55,2038.0,rock1,series2,2,2
BH1,237,238,582682.34,3639203.55,2039.0,rock1,series2,2,2
BH1,238,239,582682.34,3639203.55,2040.0,rock1,series2,2,2
BH1,239,240,582682.34,3639203.55,2041.0,rock1,series2,2,2
BH1,240,241,582682.34,3639203.55,2042.0,rock1,series2,2,2
BH1,241,242,582682.34,3639203.55,2043.0,rock1,series2,2,2
BH1,242,243,582682.34,3639203.55,2044.0,rock1,series2,2,2
BH1,243,244,582682.34,3639203.55,2045.0,rock1,series2,2,2
BH1,244,245,582682.34,3639203.55,2046.0,rock1,series2,2,2
BH1,245,246,582682.34,3639203.55,2047.0,rock1,series2,2,2
BH1,246,247,582682.34,3639203.55,2048.0,rock1,series2,2,2
BH1,247,248,582682.34,3639203.55,2049.0,rock1,series2,2,2
BH1,248,249,582682.34,3639203.55,2050.0,rock1,series2,2,2
BH1,249,250,582682.34,3639203.55,2051.0,rock1,series2,2,2
BH1,250,251,582682.34,3639203.55,2052.0,rock1,series2,2,2
BH1,251,252,582682.34,3639203.55,2053.0,rock1,series2,2,2
BH1,252,253,582682.34,3639203.55,2054.0,rock1,series2,2,2
BH1,253,254,582682.34,3639203.55,2055.0,rock1,series2,2,2
BH2,0,1,582744.15,3639242.92,1814.98,rock2,series3,3,3
BH2,1,2,582744.17,3639242.74,1815.97,rock2,series3,3,3
BH2,2,3,582744.18,3639242.57,1816.95,rock2,series3,3,3
BH2,3,4,582744.2,3639242.4,1817.94,rock2,series3,3,3
BH2,4,5,582744.22,3639242.23,1818.92,rock2,series3,3,3
BH2,5,6,582744.24,3639242.05,1819.91,rock2,series3,3,3
BH2,6,7,582744.26,3639241.88,1820.89,rock2,series3,3,3
BH2,7,8,582744.28,3639241.71,1821.88,rock2,series3,3,3
BH2,8,9,582744.29,3639241.54,1822.86,rock2,series3,3,3
BH2,9,10,582744.31,3639241.36,1823.85,rock2,series3,3,3
BH2,10,11,582744.33,3639241.19,1824.83,rock2,series3,3,3
BH2,11,12,582744.35,3639241.02,1825.82,rock2,series3,3,3
BH2,12,13,582744.37,3639240.84,1826.8,rock2,series3,3,3
BH2,13,14,582744.38,3639240.67,1827.79,rock2,series3,3,3
BH2,14,15,582744.4,3639240.5,1828.77,rock2,series3,3,3
BH2,15,16,582744.42,3639240.33,1829.76,rock2,series3,3,3
BH2,16,17,582744.44,3639240.15,1830.74,rock2,series3,3,3
BH2,17,18,582744.46,3639239.98,1831.73,rock2,series3,3,3
BH2,18,19,582744.47,3639239.81,1832.71,rock2,series3,3,3
BH2,19,20,582744.49,3639239.64,1833.7,rock2,series3,3,3
BH2,20,21,582744.51,3639239.46,1834.68,rock2,series3,3,3
BH2,21,22,582744.53,3639239.29,1835.67,rock2,series3,3,3
BH2,22,23,582744.55,3639239.12,1836.65,rock2,series3,3,3
BH2,23,24,582744.57,3639238.95,1837.64,rock2,series3,3,3
BH2,24,25,582744.58,3639238.77,1838.62,rock2,series3,3,3
BH2,25,26,582744.6,3639238.6,1839.61,rock2,series3,3,3
BH2,26,27,582744.62,3639238.43,1840.59,rock2,series3,3,3
BH2,27,28,582744.64,3639238.25,1841.57,rock2,series3,3,3
BH2,28,29,582744.66,3639238.08,1842.56,rock2,series3,3,3
BH2,29,30,582744.67,3639237.91,1843.54,rock2,series3,3,3
BH2,30,31,582744.69,3639237.74,1844.53,rock2,series3,3,3
BH2,31,32,582744.71,3639237.56,1845.51,rock2,series3,3,3
BH2,32,33,582744.73,3639237.39,1846.5,rock2,series3,3,3
BH2,33,34,582744.75,3639237.22,1847.48,rock2,series3,3,3
BH2,34,35,582744.77,3639237.05,1848.47,rock2,series3,3,3
BH2,35,36,582744.78,3639236.87,1849.45,rock2,series3,3,3
BH2,36,37,582744.8,3639236.7,1850.44,rock2,series3,3,3
BH2,37,38,582744.82,3639236.53,1851.42,rock2,series3,3,3
BH2,38,39,582744.84,3639236.35,1852.41,rock2,series3,3,3
BH2,39,40,582744.86,3639236.18,1853.39,rock2,series3,3,3
BH2,40,41,582744.87,3639236.01,1854.38,rock2,series3,3,3
BH2,41,42,582744.89,3639235.84,1855.36,rock2,series3,3,3
BH2,42,43,582744.91,3639235.66,1856.35,rock2,series3,3,3
BH2,43,44,582744.93,3639235.49,1857.33,rock2,series3,3,3
BH2,44,45,582744.95,3639235.32,1858.32,rock2,series3,3,3
BH2,45,46,582744.96,3639235.15,1859.3,rock2,series3,3,3
BH2,46,47,582744.98,3639234.97,1860.29,rock2,series3,3,3
BH2,47,48,582745.0,3639234.8,1861.27,rock2,series3,3,3
BH2,48,49,582745.02,3639234.63,1862.26,rock2,series3,3,3
BH2,49,50,582745.04,3639234.46,1863.24,rock2,series3,3,3
BH2,50,51,582745.06,3639234.28,1864.23,rock2,series3,3,3
BH2,51,52,582745.07,3639234.11,1865.21,rock2,series3,3,3
BH2,52,53,582745.09,3639233.94,1866.19,rock2,series3,3,3
BH2,53,54,582745.11,3639233.76,1867.18,rock2,series3,3,3
BH2,54,55,582745.13,3639233.59,1868.16,rock2,series3,3,3
BH2,55,56,582745.15,3639233.42,1869.15,rock2,series3,3,3
BH2,56,57,582745.16,3639233.25,1870.13,rock2,series3,3,3
BH2,57,58,582745.18,3639233.07,1871.12,rock2,series3,3,3
BH2,58,59,582745.2,3639232.9,1872.1,rock2,series3,3,3
BH2,59,60,582745.22,3639232.73,1873.09,rock2,series3,3,3
BH2,60,61,582745.24,3639232.56,1874.07,rock2,series3,3,3
BH2,61,62,582745.26,3639232.38,1875.06,rock2,series3,3,3
BH2,62,63,582745.27,3639232.21,1876.04,rock2,series3,3,3
BH2,63,64,582745.29,3639232.04,1877.03,rock2,series3,3,3
BH2,64,65,582745.31,3639231.86,1878.01,rock2,series3,3,3
BH2,65,66,582745.33,3639231.69,1879.0,rock2,series3,3,3
BH2,66,67,582745.35,3639231.52,1879.98,rock2,series3,3,3
BH2,67,68,582745.36,3639231.35,1880.97,rock2,series3,3,3
BH2,68,69,582745.38,3639231.17,1881.95,rock2,series3,3,3
BH2,69,70,582745.4,3639231.0,1882.94,rock2,series3,3,3
BH2,70,71,582745.42,3639230.83,1883.92,rock2,series3,3,3
BH2,71,72,582745.44,3639230.66,1884.91,rock2,series3,3,3
BH2,72,73,582745.46,3639230.48,1885.89,rock2,series3,3,3
BH2,73,74,582745.47,3639230.31,1886.88,rock2,series3,3,3
BH2,74,75,582745.49,3639230.14,1887.86,rock2,series3,3,3
BH2,75,76,582745.51,3639229.97,1888.85,rock2,series3,3,3
BH2,76,77,582745.53,3639229.79,1889.83,rock2,series3,3,3
BH2,77,78,582745.55,3639229.62,1890.82,rock2,series3,3,3
BH2,78,79,582745.56,3639229.45,1891.8,rock2,series3,3,3
BH2,79,80,582745.58,3639229.27,1892.78,rock2,series3,3,3
BH2,80,81,582745.6,3639229.1,1893.77,rock2,series3,3,3
BH2,81,82,582745.62,3639228.93,1894.75,rock2,series3,3,3
BH2,82,83,582745.64,3639228.76,1895.74,rock2,series3,3,3
BH2,83,84,582745.65,3639228.58,1896.72,rock2,series3,3,3
BH2,84,85,582745.67,3639228.41,1897.71,rock2,series3,3,3
BH2,85,86,582745.69,3639228.24,1898.69,rock2,series3,3,3
BH2,86,87,582745.71,3639228.07,1899.68,rock2,series3,3,3
BH2,87,88,582745.73,3639227.89,1900.66,rock2,series3,3,3
BH2,88,89,582745.75,3639227.72,1901.65,rock2,series3,3,3
BH2,89,90,582745.76,3639227.55,1902.63,rock2,series3,3,3
BH2,90,91,582745.78,3639227.37,1903.62,rock2,series3,3,3
BH2,91,92,582745.8,3639227.2,1904.6,rock2,series3,3,3
BH2,92,93,582745.82,3639227.03,1905.59,rock2,series3,3,3
BH2,93,94,582745.84,3639226.86,1906.57,rock2,series3,3,3
BH2,94,95,582745.85,3639226.68,1907.56,rock2,series3,3,3
BH2,95,96,582745.87,3639226.51,1908.54,rock2,series3,3,3
BH2,96,97,582745.89,3639226.34,1909.53,rock2,series3,3,3
BH2,97,98,582745.91,3639226.17,1910.51,rock2,series3,3,3
BH2,98,99,582745.93,3639225.99,1911.5,rock2,series3,3,3
BH2,99,100,582745.95,3639225.82,1912.48,rock2,series3,3,3
BH2,100,101,582745.96,3639225.65,1913.47,rock2,series3,3,3
BH2,101,102,582745.98,3639225.47,1914.45,rock2,series3,3,3
BH2,102,103,582746.0,3639225.3,1915.44,rock2,series3,3,3
BH2,103,104,582746.02,3639225.13,1916.42,rock2,series3,3,3
BH2,104,105,582746.04,3639224.96,1917.4,rock2,series3,3,3
BH2,105,106,582746.05,3639224.78,1918.39,rock2,series3,3,3
BH2,106,107,582746.07,3639224.61,1919.37,rock2,series3,3,3
BH2,107,108,582746.09,3639224.44,1920.36,rock2,series3,3,3
BH2,108,109,582746.11,3639224.27,1921.34,rock2,series3,3,3
BH2,109,110,582746.13,3639224.09,1922.33,rock2,series3,3,3
BH2,110,111,582746.14,3639223.92,1923.31,rock2,series3,3,3
BH2,111,112,582746.16,3639223.75,1924.3,rock2,series3,3,3
BH2,112,113,582746.18,3639223.58,1925.28,rock2,series3,3,3
BH2,113,114,582746.2,3639223.4,1926.27,rock2,series3,3,3
BH2,114,115,582746.22,3639223.23,1927.25,rock2,series3,3,3
BH2,115,116,582746.24,3639223.06,1928.24,rock2,series3,3,3
BH2,116,117,582746.25,3639222.88,1929.22,rock2,series3,3,3
BH2,117,118,582746.27,3639222.71,1930.21,rock2,series3,3,3
BH2,118,119,582746.29,3639222.54,1931.19,rock2,series3,3,3
BH2,119,120,582746.31,3639222.37,1932.18,rock2,series3,3,3
BH2,120,121,582746.33,3639222.19,1933.16,rock2,series3,3,3
BH2,121,122,582746.34,3639222.02,1934.15,rock2,series3,3,3
BH2,122,123,582746.36,3639221.85,1935.13,rock2,series3,3,3
BH2,123,124,582746.38,3639221.68,1936.12,rock2,series3,3,3
BH2,124,125,582746.4,3639221.5,1937.1,rock2,series3,3,3
BH2,125,126,582746.42,3639221.33,1938.09,rock2,series3,3,3
BH2,126,127,582746.44,3639221.16,1939.07,rock2,series3,3,3
BH2,127,128,582746.45,3639220.98,1940.06,rock2,series3,3,3
BH2,128,129,582746.47,3639220.81,1941.04,rock2,series3,3,3
BH2,129,130,582746.49,3639220.64,1942.03,rock2,series3,3,3
BH2,130,131,582746.51,3639220.47,1943.01,rock2,series3,3,3
BH2,131,132,582746.53,3639220.29,1943.99,rock2,series3,3,3
BH2,132,133,582746.54,3639220.12,1944.98,rock2,series3,3,3
BH2,133,134,582746.56,3639219.95,1945.96,rock2,series3,3,3
BH2,134,135,582746.58,3639219.78,1946.95,rock2,series3,3,3
BH2,135,136,582746.6,3639219.6,1947.93,rock2,series3,3,3
BH2,136,137,582746.62,3639219.43,1948.92,rock2,series3,3,3
BH2,137,138,582746.63,3639219.26,1949.9,rock2,series3,3,3
BH2,138,139,582746.65,3639219.09,1950.89,rock2,series3,3,3
BH2,139,140,582746.67,3639218.91,1951.87,rock2,series3,3,3
BH2,140,141,582746.69,3639218.74,1952.86,rock2,series3,3,3
BH2,141,142,582746.71,3639218.57,1953.84,rock2,series3,3,3
BH2,142,143,582746.73,3639218.39,1954.83,rock2,series3,3,3
BH2,143,144,582746.74,3639218.22,1955.81,rock2,series3,3,3
BH2,144,145,582746.76,3639218.05,1956.8,rock2,series3,3,3
BH2,145,146,582746.78,3639217.88,1957.78,rock2,series3,3,3
BH2,146,147,582746.8,3639217.7,1958.77,rock2,series3,3,3
BH2,147,148,582746.82,3639217.53,1959.75,rock2,series3,3,3
BH2,148,149,582746.83,3639217.36,1960.74,rock2,series3,3,3
BH2,149,150,582746.85,3639217.19,1961.72,rock2,series3,3,3
BH2,150,151,582746.87,3639217.01,1962.71,rock2,series3,3,3
BH2,151,152,582746.89,3639216.84,1963.69,rock2,series3,3,3
BH2,152,153,582746.91,3639216.67,1964.68,rock2,series3,3,3
BH2,153,154,582746.93,3639216.49,1965.66,rock2,series3,3,3
BH2,154,155,582746.94,3639216.32,1966.65,rock2,series3,3,3
BH2,155,156,582746.96,3639216.15,1967.63,rock2,series3,3,3
BH2,156,157,582746.98,3639215.98,1968.61,rock2,series3,3,3
BH2,157,158,582747.0,3639215.8,1969.6,rock2,series3,3,3
BH2,158,159,582747.02,3639215.63,1970.58,rock2,series3,3,3
BH2,159,160,582747.03,3639215.46,1971.57,rock2,series3,3,3
BH2,160,161,582747.05,3639215.29,1972.55,rock2,series3,3,3
BH2,161,162,582747.07,3639215.11,1973.54,rock2,series3,3,3
BH2,162,163,582747.09,3639214.94,1974.52,rock2,series3,3,3
BH2,163,164,582747.11,3639214.77,1975.51,rock2,series3,3,3
BH2,164,165,582747.12,3639214.6,1976.49,rock2,series3,3,3
BH2,165,166,582747.14,3639214.42,1977.48,rock2,series3,3,3
BH2,166,167,582747.16,3639214.25,1978.46,rock2,series3,3,3
BH2,167,168,582747.18,3639214.08,1979.45,rock2,series3,3,3
BH2,168,169,582747.2,3639213.9,1980.43,rock2,series3,3,3
BH2,169,170,582747.22,3639213.73,1981.42,rock2,series3,3,3
BH2,170,171,582747.23,3639213.56,1982.4,rock2,series3,3,3
BH2,171,172,582747.25,3639213.39,1983.39,rock2,series3,3,3
BH2,172,173,582747.27,3639213.21,1984.37,rock2,series3,3,3
BH2,173,174,582747.29,3639213.04,1985.36,rock2,series3,3,3
BH2,174,175,582747.31,3639212.87,1986.34,rock2,series3,3,3
BH2,175,176,582747.32,3639212.7,1987.33,rock2,series3,3,3
BH2,176,177,582747.34,3639212.52,1988.31,rock2,series3,3,3
BH2,177,178,582747.36,3639212.35,1989.3,rock2,series3,3,3
BH2,178,179,582747.38,3639212.18,1990.28,rock2,series3,3,3
BH2,179,180,582747.4,3639212.0,1991.27,rock2,series3,3,3
BH2,180,181,582747.42,3639211.83,1992.25,rock2,series3,3,3
BH2,181,182,582747.43,3639211.66,1993.24,rock2,series3,3,3
BH2,182,183,582747.45,3639211.49,1994.22,rock2,series3,3,3
BH2,183,184,582747.47,3639211.31,1995.2,rock2,series3,3,3
BH2,184,185,582747.49,3639211.14,1996.19,rock2,series3,3,3
BH2,185,186,582747.51,3639210.97,1997.17,rock2,series3,3,3
BH2,186,187,582747.52,3639210.8,1998.16,rock2,series3,3,3
BH2,187,188,582747.54,3639210.62,1999.14,rock2,series3,3,3
BH2,188,189,582747.56,3639210.45,2000.13,rock2,series3,3,3
BH2,189,190,582747.58,3639210.28,2001.11,rock2,series3,3,3
BH2,190,191,582747.6,3639210.1,2002.1,rock2,series3,3,3
BH2,191,192,582747.62,3639209.93,2003.08,rock2,series3,3,3
BH2,192,193,582747.63,3639209.76,2004.07,rock2,series3,3,3
BH2,193,194,582747.65,3639209.59,2005.05,rock2,series3,3,3
BH2,194,195,582747.67,3639209.41,2006.04,rock2,series3,3,3
BH2,195,196,582747.69,3639209.24,2007.02,rock2,series3,3,3
BH3,0,1,582663.38,3639316.75,1809.94,rock1,series2,2,2
BH3,1,2,582663.04,3639316.81,1810.88,rock1,series2,2,2
BH3,2,3,582662.71,3639316.86,1811.82,rock1,series2,2,2
BH3,3,4,582662.37,3639316.91,1812.76,rock1,series2,2,2
BH3,4,5,582662.03,3639316.97,1813.7,rock1,series2,2,2
BH3,5,6,582661.69,3639317.02,1814.64,rock1,series2,2,2
BH3,6,7,582661.36,3639317.07,1815.58,rock1,series2,2,2
BH3,7,8,582661.02,3639317.13,1816.52,rock1,series2,2,2
BH3,8,9,582660.68,3639317.18,1817.46,rock1,series2,2,2
BH3,9,10,582660.34,3639317.24,1818.4,rock1,series2,2,2
BH3,10,11,582660.0,3639317.29,1819.34,rock1,series2,2,2
BH3,11,12,582659.67,3639317.34,1820.28,rock1,series2,2,2
BH3,12,13,582659.33,3639317.4,1821.22,rock1,series2,2,2
BH3,13,14,582658.99,3639317.45,1822.16,rock1,series2,2,2
BH3,14,15,582658.65,3639317.5,1823.1,rock1,series2,2,2
BH3,15,16,582658.32,3639317.56,1824.04,rock1,series2,2,2
BH3,16,17,582657.98,3639317.61,1824.97,rock1,series2,2,2
BH3,17,18,582657.64,3639317.66,1825.91,rock1,series2,2,2
BH3,18,19,582657.3,3639317.72,1826.85,rock1,series2,2,2
BH3,19,20,582656.96,3639317.77,1827.79,rock1,series2,2,2
BH3,20,21,582656.63,3639317.82,1828.73,rock1,series2,2,2
BH3,21,22,582656.29,3639317.88,1829.67,rock1,series2,2,2
BH3,22,23,582655.95,3639317.93,1830.61,rock1,series2,2,2
BH3,23,24,582655.61,3639317.98,1831.55,rock1,series2,2,2
BH3,24,25,582655.27,3639318.04,1832.49,rock1,series2,2,2
BH3,25,26,582654.94,3639318.09,1833.43,rock1,series2,2,2
BH3,26,27,582654.6,3639318.14,1834.37,rock1,series2,2,2
BH3,27,28,582654.26,3639318.2,1835.31,rock1,series2,2,2
BH3,28,29,582653.92,3639318.25,1836.25,rock1,series2,2,2
BH3,29,30,582653.59,3639318.31,1837.19,rock1,series2,2,2
BH3,30,31,582653.25,3639318.36,1838.13,rock1,series2,2,2
BH3,31,32,582652.91,3639318.41,1839.07,rock1,series2,2,2
BH3,32,33,582652.57,3639318.47,1840.01,rock1,series2,2,2
BH3,33,34,582652.23,3639318.52,1840.95,rock1,series2,2,2
BH3,34,35,582651.9,3639318.57,1841.89,rock1,series2,2,2
BH3,35,36,582651.56,3639318.63,1842.83,rock1,series2,2,2
BH3,36,37,582651.22,3639318.68,1843.77,rock1,series2,2,2
BH3,37,38,582650.88,3639318.73,1844.71,rock1,series2,2,2
BH3,38,39,582650.55,3639318.79,1845.65,rock1,series2,2,2
BH3,39,40,582650.21,3639318.84,1846.59,rock1,series2,2,2
BH3,40,41,582649.87,3639318.89,1847.53,rock1,series2,2,2
BH3,41,42,582649.53,3639318.95,1848.47,rock1,series2,2,2
BH3,42,43,582649.19,3639319.0,1849.41,rock1,series2,2,2
BH3,43,44,582648.86,3639319.05,1850.35,rock1,series2,2,2
BH3,44,45,582648.52,3639319.11,1851.29,rock1,series2,2,2
BH3,45,46,582648.18,3639319.16,1852.23,rock1,series2,2,2
BH3,46,47,582647.84,3639319.21,1853.17,rock1,series2,2,2
BH3,47,48,582647.51,3639319.27,1854.11,rock1,series2,2,2
BH3,48,49,582647.17,3639319.32,1855.04,rock1,series2,2,2
BH3,49,50,582646.83,3639319.38,1855.98,rock1,series2,2,2
BH3,50,51,582646.49,3639319.43,1856.92,rock1,series2,2,2
BH3,51,52,582646.15,3639319.48,1857.86,rock1,series2,2,2
BH3,52,53,582645.82,3639319.54,1858.8,rock1,series2,2,2
BH3,53,54,582645.48,3639319.59,1859.74,rock1,series2,2,2
BH3,54,55,582645.14,3639319.64,1860.68,rock1,series2,2,2
BH3,55,56,582644.8,3639319.7,1861.62,rock1,series2,2,2
BH3,56,57,582644.46,3639319.75,1862.56,rock1,series2,2,2
BH3,57,58,582644.13,3639319.8,1863.5,rock1,series2,2,2
BH3,58,59,582643.79,3639319.86,1864.44,rock1,series2,2,2
BH3,59,60,582643.45,3639319.91,1865.38,rock1,series2,2,2
BH3,60,61,582643.11,3639319.96,1866.32,rock1,series2,2,2
BH3,61,62,582642.78,3639320.02,1867.26,rock1,series2,2,2
BH3,62,63,582642.44,3639320.07,1868.2,rock1,series2,2,2
BH3,63,64,582642.1,3639320.12,1869.14,rock1,series2,2,2
BH3,64,65,582641.76,3639320.18,1870.08,rock1,series2,2,2
BH3,65,66,582641.42,3639320.23,1871.02,rock1,series2,2,2
BH3,66,67,582641.09,3639320.28,1871.96,rock1,series2,2,2
BH3,67,68,582640.75,3639320.34,1872.9,rock1,series2,2,2
BH3,68,69,582640.41,3639320.39,1873.84,rock1,series2,2,2
BH3,69,70,582640.07,3639320.45,1874.78,rock1,series2,2,2
BH3,70,71,582639.74,3639320.5,1875.72,rock1,series2,2,2
BH3,71,72,582639.4,3639320.55,1876.66,rock1,series2,2,2
BH3,72,73,582639.06,3639320.61,1877.6,rock1,series2,2,2
BH3,73,74,582638.72,3639320.66,1878.54,rock1,series2,2,2
BH3,74,75,582638.38,3639320.71,1879.48,rock1,series2,2,2
BH3,75,76,582638.05,3639320.77,1880.42,rock1,series2,2,2
BH3,76,77,582637.71,3639320.82,1881.36,rock1,series2,2,2
BH3,77,78,582637.37,3639320.87,1882.3,rock1,series2,2,2
BH3,78,79,582637.03,3639320.93,1883.24,rock1,series2,2,2
BH3,79,80,582636.7,3639320.98,1884.18,rock1,series2,2,2
BH3,80,81,582636.36,3639321.03,1885.12,rock1,series2,2,2
BH3,81,82,582636.02,3639321.09,1886.05,rock1,series2,2,2
BH3,82,83,582635.68,3639321.14,1886.99,rock1,series2,2,2
BH3,83,84,582635.34,3639321.19,1887.93,rock1,series2,2,2
BH3,84,85,582635.01,3639321.25,1888.87,rock1,series2,2,2
BH3,85,86,582634.67,3639321.3,1889.81,rock1,series2,2,2
BH3,86,87,582634.33,3639321.35,1890.75,rock1,series2,2,2
BH3,87,88,582633.99,3639321.41,1891.69,rock1,series2,2,2
BH3,88,89,582633.65,3639321.46,1892.63,rock1,series2,2,2
BH3,89,90,582633.32,3639321.52,1893.57,rock1,series2,2,2
BH3,90,91,582632.98,3639321.57,1894.51,rock1,series2,2,2
BH3,91,92,582632.64,3639321.62,1895.45,rock1,series2,2,2
BH3,92,93,582632.3,3639321.68,1896.39,rock1,series2,2,2
BH3,93,94,582631.97,3639321.73,1897.33,rock1,series2,2,2
BH3,94,95,582631.63,3639321.78,1898.27,rock1,series2,2,2
BH3,95,96,582631.29,3639321.84,1899.21,rock1,series2,2,2
BH3,96,97,582630.95,3639321.89,1900.15,rock1,series2,2,2
BH3,97,98,582630.61,3639321.94,1901.09,rock1,series2,2,2
BH3,98,99,582630.28,3639322.0,1902.03,rock1,series2,2,2
BH3,99,100,582629.94,3639322.05,1902.97,rock1,series2,2,2
BH3,100,101,582629.6,3639322.1,1903.91,rock1,series2,2,2
BH3,101,102,582629.26,3639322.16,1904.85,rock1,series2,2,2
BH3,102,103,582628.93,3639322.21,1905.79,rock1,series2,2,2
BH3,103,104,582628.59,3639322.26,1906.73,rock1,series2,2,2
BH3,104,105,582628.25,3639322.32,1907.67,rock1,series2,2,2
BH3,105,106,582627.91,3639322.37,1908.61,rock1,series2,2,2
BH3,106,107,582627.57,3639322.42,1909.55,rock1,series2,2,2
BH3,107,108,582627.24,3639322.48,1910.49,rock1,series2,2,2
BH3,108,109,582626.9,3639322.53,1911.43,rock1,series2,2,2
BH3,109,110,582626.56,3639322.59,1912.37,rock1,series2,2,2
BH3,110,111,582626.22,3639322.64,1913.31,rock1,series2,2,2
BH3,111,112,582625.89,3639322.69,1914.25,rock1,series2,2,2
BH3,112,113,582625.55,3639322.75,1915.19,rock1,series2,2,2
BH3,113,114,582625.21,3639322.8,1916.12,rock1,series2,2,2
BH3,114,115,582624.87,3639322.85,1917.06,rock1,series2,2,2
BH3,115,116,582624.53,3639322.91,1918.0,rock1,series2,2,2
BH3,116,117,582624.2,3639322.96,1918.94,rock1,series2,2,2
BH3,117,118,582623.86,3639323.01,1919.88,rock1,series2,2,2
BH3,118,119,582623.52,3639323.07,1920.82,rock1,series2,2,2
BH3,119,120,582623.18,3639323.12,1921.76,rock1,series2,2,2
BH3,120,121,582622.85,3639323.17,1922.7,rock1,series2,2,2
BH3,121,122,582622.51,3639323.23,1923.64,rock1,series2,2,2
BH3,122,123,582622.17,3639323.28,1924.58,rock1,series2,2,2
BH3,123,124,582621.83,3639323.33,1925.52,rock1,series2,2,2
BH3,124,125,582621.49,3639323.39,1926.46,rock1,series2,2,2
BH3,125,126,582621.16,3639323.44,1927.4,rock1,series2,2,2
BH3,126,127,582620.82,3639323.49,1928.34,rock1,series2,2,2
BH3,127,128,582620.48,3639323.55,1929.28,rock1,series2,2,2
BH3,128,129,582620.14,3639323.6,1930.22,rock1,series2,2,2
BH3,129,130,582619.8,3639323.66,1931.16,rock1,series2,2,2
BH3,130,131,582619.47,3639323.71,1932.1,rock1,series2,2,2
BH3,131,132,582619.13,3639323.76,1933.04,rock1,series2,2,2
BH3,132,133,582618.79,3639323.82,1933.98,rock1,series2,2,2
BH3,133,134,582618.45,3639323.87,1934.92,rock1,series2,2,2
BH3,134,135,582618.12,3639323.92,1935.86,rock1,series2,2,2
BH3,135,136,582617.78,3639323.98,1936.8,rock1,series2,2,2
BH3,136,137,582617.44,3639324.03,1937.74,rock1,series2,2,2
BH3,137,138,582617.1,3639324.08,1938.68,rock1,series2,2,2
BH3,138,139,582616.76,3639324.14,1939.62,rock1,series2,2,2
BH3,139,140,582616.43,3639324.19,1940.56,rock1,series2,2,2
BH3,140,141,582616.09,3639324.24,1941.5,rock1,series2,2,2
BH3,141,142,582615.75,3639324.3,1942.44,rock1,series2,2,2
BH3,142,143,582615.41,3639324.35,1943.38,rock1,series2,2,2
BH3,143,144,582615.08,3639324.4,1944.32,rock1,series2,2,2
BH3,144,145,582614.74,3639324.46,1945.26,rock1,series2,2,2
BH3,145,146,582614.4,3639324.51,1946.2,rock1,series2,2,2
BH3,146,147,582614.06,3639324.57,1947.13,rock1,series2,2,2
BH3,147,148,582613.72,3639324.62,1948.07,rock1,series2,2,2
BH3,148,149,582613.39,3639324.67,1949.01,rock1,series2,2,2
BH3,149,150,582613.05,3639324.73,1949.95,rock1,series2,2,2
BH3,150,151,582612.71,3639324.78,1950.89,rock1,series2,2,2
BH3,151,152,582612.37,3639324.83,1951.83,rock1,series2,2,2
BH3,152,153,582612.04,3639324.89,1952.77,rock1,series2,2,2
BH3,153,154,582611.7,3639324.94,1953.71,rock1,series2,2,2
BH3,154,155,582611.36,3639324.99,1954.65,rock1,series2,2,2
BH3,155,156,582611.02,3639325.05,1955.59,rock1,series2,2,2
BH3,156,157,582610.68,3639325.1,1956.53,rock1,series2,2,2
BH3,157,158,582610.35,3639325.15,1957.47,rock1,series2,2,2
BH3,158,159,582610.01,3639325.21,1958.41,rock1,series2,2,2
BH3,159,160,582609.67,3639325.26,1959.35,rock1,series2,2,2
BH3,160,161,582609.33,3639325.31,1960.29,rock1,series2,2,2
BH3,161,162,582608.99,3639325.37,1961.23,rock1,series2,2,2
BH3,162,163,582608.66,3639325.42,1962.17,rock1,series2,2,2
BH3,163,164,582608.32,3639325.47,1963.11,rock1,series2,2,2
BH3,164,165,582607.98,3639325.53,1964.05,rock1,series2,2,2
BH3,165,166,582607.64,3639325.58,1964.99,rock1,series2,2,2
BH3,166,167,582607.31,3639325.64,1965.93,rock1,series2,2,2
BH3,167,168,582606.97,3639325.69,1966.87,rock1,series2,2,2
BH3,168,169,582606.63,3639325.74,1967.81,rock1,series2,2,2
BH3,169,170,582606.29,3639325.8,1968.75,rock1,series2,2,2
BH3,170,171,582605.95,3639325.85,1969.69,rock1,series2,2,2
BH3,171,172,582605.62,3639325.9,1970.63,rock1,series2,2,2
BH3,172,173,582605.28,3639325.96,1971.57,rock1,series2,2,2
BH3,173,174,582604.94,3639326.01,1972.51,rock1,series2,2,2
BH3,174,175,582604.6,3639326.06,1973.45,rock1,series2,2,2
BH3,175,176,582604.27,3639326.12,1974.39,rock1,series2,2,2
BH3,176,177,582603.93,3639326.17,1975.33,rock1,series2,2,2
BH3,177,178,582603.59,3639326.22,1976.27,rock1,series2,2,2
BH3,178,179,582603.25,3639326.28,1977.2,rock1,series2,2,2
BH3,179,180,582602.91,3639326.33,1978.14,rock1,series2,2,2
BH3,180,181,582602.58,3639326.38,1979.08,rock1,series2,2,2
BH3,181,182,582602.24,3639326.44,1980.02,rock1,series2,2,2
BH3,182,183,582601.9,3639326.49,1980.96,rock1,series2,2,2
BH3,183,184,582601.56,3639326.54,1981.9,rock1,series2,2,2
BH3,184,185,582601.23,3639326.6,1982.84,rock1,series2,2,2
BH3,185,186,582600.89,3639326.65,1983.78,rock1,series2,2,2
BH3,186,187,582600.55,3639326.71,1984.72,rock1,series2,2,2
BH3,187,188,582600.21,3639326.76,1985.66,rock1,series2,2,2
BH3,188,189,582599.87,3639326.81,1986.6,rock1,series2,2,2
BH3,189,190,582599.54,3639326.87,1987.54,rock1,series2,2,2
BH3,190,191,582599.2,3639326.92,1988.48,rock1,series2,2,2
BH3,191,192,582598.86,3639326.97,1989.42,rock1,series2,2,2
BH3,192,193,582598.52,3639327.03,1990.36,rock1,series2,2,2
BH3,193,194,582598.18,3639327.08,1991.3,rock1,series2,2,2
BH3,194,195,582597.85,3639327.13,1992.24,rock1,series2,2,2
BH3,195,196,582597.51,3639327.19,1993.18,rock1,series2,2,2
BH3,196,197,582597.17,3639327.24,1994.12,rock1,series2,2,2
BH3,197,198,582596.83,3639327.29,1995.06,rock1,series2,2,2
BH3,198,199,582596.5,3639327.35,1996.0,rock1,series2,2,2
BH3,199,200,582596.16,3639327.4,1996.94,rock1,series2,2,2
BH3,200,201,582595.82,3639327.45,1997.88,rock1,series2,2,2
BH3,201,202,582595.48,3639327.51,1998.82,rock1,series2,2,2
BH3,202,203,582595.14,3639327.56,1999.76,rock1,series2,2,2
BH3,203,204,582594.81,3639327.61,2000.7,rock1,series2,2,2
BH3,204,205,582594.47,3639327.67,2001.64,rock1,series2,2,2
BH3,205,206,582594.13,3639327.72,2002.58,rock1,series2,2,2
BH3,206,207,582593.79,3639327.78,2003.52,rock1,series2,2,2
BH3,207,208,582593.46,3639327.83,2004.46,rock1,series2,2,2
BH3,208,209,582593.12,3639327.88,2005.4,rock1,series2,2,2
BH3,209,210,582592.78,3639327.94,2006.34,rock1,series2,2,2
BH3,210,211,582592.44,3639327.99,2007.28,rock1,series2,2,2
BH3,211,212,582592.1,3639328.04,2008.21,rock1,series2,2,2
BH3,212,213,582591.77,3639328.1,2009.15,rock1,series2,2,2
BH3,213,214,582591.43,3639328.15,2010.09,rock1,series2,2,2
BH3,214,215,582591.09,3639328.2,2011.03,rock1,series2,2,2
BH3,215,216,582590.75,3639328.26,2011.97,rock1,series2,2,2
BH3,216,217,582590.42,3639328.31,2012.91,rock1,series2,2,2
BH3,217,218,582590.08,3639328.36,2013.85,rock1,series2,2,2
BH4,0,1,582519.59,3639293.66,1785.91,rock2,series3,3,3
BH4,1,2,582519.33,3639294.0,1786.81,rock2,series3,3,3
BH4,2,3,582519.07,3639294.33,1787.72,rock2,series3,3,3
BH4,3,4,582518.81,3639294.66,1788.63,rock2,series3,3,3
BH4,4,5,582518.55,3639295.0,1789.53,rock2,series3,3,3
BH4,5,6,582518.29,3639295.33,1790.44,rock2,series3,3,3
BH4,6,7,582518.03,3639295.66,1791.34,rock2,series3,3,3
BH4,7,8,582517.77,3639295.99,1792.25,rock2,series3,3,3
BH4,8,9,582517.51,3639296.33,1793.16,rock2,series3,3,3
BH4,9,10,582517.25,3639296.66,1794.06,rock2,series3,3,3
BH4,10,11,582516.99,3639296.99,1794.97,rock2,series3,3,3
BH4,11,12,582516.73,3639297.33,1795.88,rock2,series3,3,3
BH4,12,13,582516.47,3639297.66,1796.78,rock2,series3,3,3
BH4,13,14,582516.21,3639297.99,1797.69,rock2,series3,3,3
BH4,14,15,582515.95,3639298.33,1798.59,rock2,series3,3,3
BH4,15,16,582515.69,3639298.66,1799.5,rock2,series3,3,3
BH4,16,17,582515.43,3639298.99,1800.41,rock2,series3,3,3
BH4,17,18,582515.17,3639299.32,1801.31,rock2,series3,3,3
BH4,18,19,582514.91,3639299.66,1802.22,rock2,series3,3,3
BH4,19,20,582514.65,3639299.99,1803.13,rock2,series3,3,3
BH4,20,21,582514.39,3639300.32,1804.03,rock2,series3,3,3
BH4,21,22,582514.13,3639300.66,1804.94,rock2,series3,3,3
BH4,22,23,582513.87,3639300.99,1805.85,rock2,series3,3,3
BH4,23,24,582513.61,3639301.32,1806.75,rock2,series3,3,3
BH4,24,25,582513.35,3639301.66,1807.66,rock2,series3,3,3
BH4,25,26,582513.09,3639301.99,1808.56,rock2,series3,3,3
BH4,26,27,582512.82,3639302.32,1809.47,rock2,series3,3,3
BH4,27,28,582512.56,3639302.65,1810.38,rock2,series3,3,3
BH4,28,29,582512.3,3639302.99,1811.28,rock2,series3,3,3
BH4,29,30,582512.04,3639303.32,1812.19,rock2,series3,3,3
BH4,30,31,582511.78,3639303.65,1813.1,rock2,series3,3,3
BH4,31,32,582511.52,3639303.99,1814.0,rock2,series3,3,3
BH4,32,33,582511.26,3639304.32,1814.91,rock2,series3,3,3
BH4,33,34,582511.0,3639304.65,1815.81,rock2,series3,3,3
BH4,34,35,582510.74,3639304.99,1816.72,rock2,series3,3,3
BH4,35,36,582510.48,3639305.32,1817.63,rock2,series3,3,3
BH4,36,37,582510.22,3639305.65,1818.53,rock2,series3,3,3
BH4,37,38,582509.96,3639305.99,1819.44,rock2,series3,3,3
BH4,38,39,582509.7,3639306.32,1820.35,rock2,series3,3,3
BH4,39,40,582509.44,3639306.65,1821.25,rock2,series3,3,3
BH4,40,41,582509.18,3639306.98,1822.16,rock2,series3,3,3
BH4,41,42,582508.92,3639307.32,1823.06,rock2,series3,3,3
BH4,42,43,582508.66,3639307.65,1823.97,rock2,series3,3,3
BH4,43,44,582508.4,3639307.98,1824.88,rock2,series3,3,3
BH4,44,45,582508.14,3639308.32,1825.78,rock2,series3,3,3
BH4,45,46,582507.88,3639308.65,1826.69,rock2,series3,3,3
BH4,46,47,582507.62,3639308.98,1827.6,rock2,series3,3,3
BH4,47,48,582507.36,3639309.32,1828.5,rock2,series3,3,3
BH4,48,49,582507.1,3639309.65,1829.41,rock2,series3,3,3
BH4,49,50,582506.84,3639309.98,1830.32,rock2,series3,3,3
BH4,50,51,582506.58,3639310.31,1831.22,rock2,series3,3,3
BH4,51,52,582506.32,3639310.65,1832.13,rock2,series3,3,3
BH4,52,53,582506.06,3639310.98,1833.03,rock2,series3,3,3
BH4,53,54,582505.8,3639311.31,1833.94,rock2,series3,3,3
BH4,54,55,582505.54,3639311.65,1834.85,rock2,series3,3,3
BH4,55,56,582505.28,3639311.98,1835.75,rock2,series3,3,3
BH4,56,57,582505.02,3639312.31,1836.66,rock2,series3,3,3
BH4,57,58,582504.76,3639312.65,1837.57,rock2,series3,3,3
BH4,58,59,582504.5,3639312.98,1838.47,rock2,series3,3,3
BH4,59,60,582504.24,3639313.31,1839.38,rock2,series3,3,3
BH4,60,61,582503.98,3639313.64,1840.28,rock2,series3,3,3
BH4,61,62,582503.72,3639313.98,1841.19,rock2,series3,3,3
BH4,62,63,582503.46,3639314.31,1842.1,rock2,series3,3,3
BH4,63,64,582503.2,3639314.64,1843.0,rock2,series3,3,3
BH4,64,65,582502.94,3639314.98,1843.91,rock2,series3,3,3
BH4,65,66,582502.68,3639315.31,1844.82,rock2,series3,3,3
BH4,66,67,582502.42,3639315.64,1845.72,rock2,series3,3,3
BH4,67,68,582502.16,3639315.98,1846.63,rock2,series3,3,3
BH4,68,69,582501.9,3639316.31,1847.54,rock2,series3,3,3
BH4,69,70,582501.64,3639316.64,1848.44,rock2,series3,3,3
BH4,70,71,582501.38,3639316.97,1849.35,rock2,series3,3,3
BH4,71,72,582501.12,3639317.31,1850.25,rock2,series3,3,3
BH4,72,73,582500.86,3639317.64,1851.16,rock2,series3,3,3
BH4,73,74,582500.6,3639317.97,1852.07,rock2,series3,3,3
BH4,74,75,582500.34,3639318.31,1852.97,rock2,series3,3,3
BH4,75,76,582500.08,3639318.64,1853.88,rock2,series3,3,3
BH4,76,77,582499.82,3639318.97,1854.79,rock2,series3,3,3
BH4,77,78,582499.56,3639319.31,1855.69,rock2,series3,3,3
BH4,78,79,582499.3,3639319.64,1856.6,rock2,series3,3,3
BH4,79,80,582499.03,3639319.97,1857.5,rock2,series3,3,3
BH4,80,81,582498.77,3639320.31,1858.41,rock2,series3,3,3
BH4,81,82,582498.51,3639320.64,1859.32,rock2,series3,3,3
BH4,82,83,582498.25,3639320.97,1860.22,rock2,series3,3,3
BH4,83,84,582497.99,3639321.3,1861.13,rock2,series3,3,3
BH4,84,85,582497.73,3639321.64,1862.04,rock2,series3,3,3
BH4,85,86,582497.47,3639321.97,1862.94,rock2,series3,3,3
BH4,86,87,582497.21,3639322.3,1863.85,rock2,series3,3,3
BH4,87,88,582496.95,3639322.64,1864.76,rock2,series3,3,3
BH4,88,89,582496.69,3639322.97,1865.66,rock2,series3,3,3
BH4,89,90,582496.43,3639323.3,1866.57,rock2,series3,3,3
BH4,90,91,582496.17,3639323.64,1867.47,rock2,series3,3,3
BH4,91,92,582495.91,3639323.97,1868.38,rock2,series3,3,3
BH4,92,93,582495.65,3639324.3,1869.29,rock2,series3,3,3
BH4,93,94,582495.39,3639324.63,1870.19,rock2,series3,3,3
BH4,94,95,582495.13,3639324.97,1871.1,rock2,series3,3,3
BH4,95,96,582494.87,3639325.3,1872.01,rock2,series3,3,3
BH4,96,97,582494.61,3639325.63,1872.91,rock2,series3,3,3
BH4,97,98,582494.35,3639325.97,1873.82,rock2,series3,3,3
BH4,98,99,582494.09,3639326.3,1874.72,rock2,series3,3,3
BH4,99,100,582493.83,3639326.63,1875.63,rock2,series3,3,3
BH4,100,101,582493.57,3639326.97,1876.54,rock2,series3,3,3
BH4,101,102,582493.31,3639327.3,1877.44,rock2,series3,3,3
BH4,102,103,582493.05,3639327.63,1878.35,rock2,series3,3,3
BH4,103,104,582492.79,3639327.96,1879.26,rock2,series3,3,3
BH4,104,105,582492.53,3639328.3,1880.16,rock2,series3,3,3
BH4,105,106,582492.27,3639328.63,1881.07,rock2,series3,3,3
BH4,106,107,582492.01,3639328.96,1881.97,rock2,series3,3,3
BH4,107,108,582491.75,3639329.3,1882.88,rock2,series3,3,3
BH4,108,109,582491.49,3639329.63,1883.79,rock2,series3,3,3
BH4,109,110,582491.23,3639329.96,1884.69,rock2,series3,3,3
BH4,110,111,582490.97,3639330.3,1885.6,rock2,series3,3,3
BH4,111,112,582490.71,3639330.63,1886.51,rock2,series3,3,3
BH4,112,113,582490.45,3639330.96,1887.41,rock2,series3,3,3
BH4,113,114,582490.19,3639331.3,1888.32,rock2,series3,3,3
BH4,114,115,582489.93,3639331.63,1889.23,rock2,series3,3,3
BH4,115,116,582489.67,3639331.96,1890.13,rock2,series3,3,3
BH4,116,117,582489.41,3639332.29,1891.04,rock2,series3,3,3
BH4,117,118,582489.15,3639332.63,1891.94,rock2,series3,3,3
BH4,118,119,582488.89,3639332.96,1892.85,rock2,series3,3,3
BH4,119,120,582488.63,3639333.29,1893.76,rock2,series3,3,3
BH4,120,121,582488.37,3639333.63,1894.66,rock2,series3,3,3
BH4,121,122,582488.11,3639333.96,1895.57,rock2,series3,3,3
BH5,0,1,582578.46,3639068.69,1751.94,rock3,series1,1,1
BH5,1,2,582578.13,3639068.63,1752.88,rock3,series1,1,1
BH5,2,3,582577.79,3639068.57,1753.82,rock3,series1,1,1
BH5,3,4,582577.45,3639068.51,1754.76,rock3,series1,1,1
BH5,4,5,582577.12,3639068.45,1755.7,rock3,series1,1,1
BH5,5,6,582576.78,3639068.39,1756.64,rock3,series1,1,1
BH5,6,7,582576.44,3639068.33,1757.58,rock3,series1,1,1
BH5,7,8,582576.11,3639068.27,1758.52,rock3,series1,1,1
BH5,8,9,582575.77,3639068.22,1759.46,rock3,series1,1,1
BH5,9,10,582575.43,3639068.16,1760.4,rock3,series1,1,1
BH5,10,11,582575.09,3639068.1,1761.34,rock3,series1,1,1
BH5,11,12,582574.76,3639068.04,1762.28,rock3,series1,1,1
BH5,12,13,582574.42,3639067.98,1763.22,rock3,series1,1,1
BH5,13,14,582574.08,3639067.92,1764.16,rock3,series1,1,1
BH5,14,15,582573.75,3639067.86,1765.1,rock3,series1,1,1
BH5,15,16,582573.41,3639067.8,1766.04,rock3,series1,1,1
BH5,16,17,582573.07,3639067.74,1766.97,rock3,series1,1,1
BH5,17,18,582572.74,3639067.68,1767.91,rock3,series1,1,1
BH5,18,19,582572.4,3639067.62,1768.85,rock3,series1,1,1
BH5,19,20,582572.06,3639067.56,1769.79,rock3,series1,1,1
BH5,20,21,582571.73,3639067.5,1770.73,rock3,series1,1,1
BH5,21,22,582571.39,3639067.44,1771.67,rock3,series1,1,1
BH5,22,23,582571.05,3639067.38,1772.61,rock3,series1,1,1
BH5,23,24,582570.72,3639067.32,1773.55,rock3,series1,1,1
BH5,24,25,582570.38,3639067.27,1774.49,rock3,series1,1,1
BH5,25,26,582570.04,3639067.21,1775.43,rock3,series1,1,1
BH5,26,27,582569.71,3639067.15,1776.37,rock3,series1,1,1
BH5,27,28,582569.37,3639067.09,1777.31,rock3,series1,1,1
BH5,28,29,582569.03,3639067.03,1778.25,rock3,series1,1,1
BH5,29,30,582568.7,3639066.97,1779.19,rock3,series1,1,1
BH5,30,31,582568.36,3639066.91,1780.13,rock3,series1,1,1
BH5,31,32,582568.02,3639066.85,1781.07,rock3,series1,1,1
BH5,32,33,582567.68,3639066.79,1782.01,rock3,series1,1,1
BH5,33,34,582567.35,3639066.73,1782.95,rock3,series1,1,1
BH5,34,35,582567.01,3639066.67,1783.89,rock3,series1,1,1
BH5,35,36,582566.67,3639066.61,1784.83,rock3,series1,1,1
BH5,36,37,582566.34,3639066.55,1785.77,rock3,series1,1,1
BH5,37,38,582566.0,3639066.49,1786.71,rock3,series1,1,1
BH5,38,39,582565.66,3639066.43,1787.65,rock3,series1,1,1
BH5,39,40,582565.33,3639066.37,1788.59,rock3,series1,1,1
BH5,40,41,582564.99,3639066.31,1789.53,rock3,series1,1,1
BH5,41,42,582564.65,3639066.26,1790.47,rock3,series1,1,1
BH5,42,43,582564.32,3639066.2,1791.41,rock3,series1,1,1
BH5,43,44,582563.98,3639066.14,1792.35,rock3,series1,1,1
BH5,44,45,582563.64,3639066.08,1793.29,rock3,series1,1,1
BH5,45,46,582563.31,3639066.02,1794.23,rock3,series1,1,1
BH5,46,47,582562.97,3639065.96,1795.17,rock3,series1,1,1
BH5,47,48,582562.63,3639065.9,1796.11,rock3,series1,1,1
BH5,48,49,582562.3,3639065.84,1797.04,rock3,series1,1,1
BH5,49,50,582561.96,3639065.78,1797.98,rock3,series1,1,1
BH5,50,51,582561.62,3639065.72,1798.92,rock3,series1,1,1
BH5,51,52,582561.29,3639065.66,1799.86,rock3,series1,1,1
BH5,52,53,582560.95,3639065.6,1800.8,rock3,series1,1,1
BH5,53,54,582560.61,3639065.54,1801.74,rock3,series1,1,1
BH5,54,55,582560.27,3639065.48,1802.68,rock3,series1,1,1
BH5,55,56,582559.94,3639065.42,1803.62,rock3,series1,1,1
BH5,56,57,582559.6,3639065.36,1804.56,rock3,series1,1,1
BH5,57,58,582559.26,3639065.31,1805.5,rock3,series1,1,1
BH5,58,59,582558.93,3639065.25,1806.44,rock3,series1,1,1
BH5,59,60,582558.59,3639065.19,1807.38,rock3,series1,1,1
BH5,60,61,582558.25,3639065.13,1808.32,rock3,series1,1,1
BH5,61,62,582557.92,3639065.07,1809.26,rock3,series1,1,1
BH5,62,63,582557.58,3639065.01,1810.2,rock3,series1,1,1
BH5,63,64,582557.24,3639064.95,1811.14,rock3,series1,1,1
BH5,64,65,582556.91,3639064.89,1812.08,rock3,series1,1,1
BH5,65,66,582556.57,3639064.83,1813.02,rock3,series1,1,1
BH5,66,67,582556.23,3639064.77,1813.96,rock3,series1,1,1
BH5,67,68,582555.9,3639064.71,1814.9,rock3,series1,1,1
BH5,68,69,582555.56,3639064.65,1815.84,rock3,series1,1,1
BH5,69,70,582555.22,3639064.59,1816.78,rock3,series1,1,1
BH5,70,71,582554.89,3639064.53,1817.72,rock3,series1,1,1
BH5,71,72,582554.55,3639064.47,1818.66,rock3,series1,1,1
BH5,72,73,582554.21,3639064.41,1819.6,rock3,series1,1,1
BH5,73,74,582553.88,3639064.36,1820.54,rock3,series1,1,1
BH5,74,75,582553.54,3639064.3,1821.48,rock3,series1,1,1
BH5,75,76,582553.2,3639064.24,1822.42,rock3,series1,1,1
BH5,76,77,582552.86,3639064.18,1823.36,rock3,series1,1,1
BH5,77,78,582552.53,3639064.12,1824.3,rock3,series1,1,1
BH5,78,79,582552.19,3639064.06,1825.24,rock3,series1,1,1
BH5,79,80,582551.85,3639064.0,1826.18,rock3,series1,1,1
BH5,80,81,582551.52,3639063.94,1827.12,rock3,series1,1,1
BH5,81,82,582551.18,3639063.88,1828.05,rock3,series1,1,1
BH5,82,83,582550.84,3639063.82,1828.99,rock3,series1,1,1
BH5,83,84,582550.51,3639063.76,1829.93,rock3,series1,1,1
BH5,84,85,582550.17,3639063.7,1830.87,rock3,series1,1,1
BH5,85,86,582549.83,3639063.64,1831.81,rock3,series1,1,1
BH5,86,87,582549.5,3639063.58,1832.75,rock3,series1,1,1
BH5,87,88,582549.16,3639063.52,1833.69,rock3,series1,1,1
BH5,88,89,582548.82,3639063.46,1834.63,rock3,series1,1,1
BH5,89,90,582548.49,3639063.4,1835.57,rock3,series1,1,1
BH5,90,91,582548.15,3639063.35,1836.51,rock3,series1,1,1
BH5,91,92,582547.81,3639063.29,1837.45,rock3,series1,1,1
BH5,92,93,582547.48,3639063.23,1838.39,rock3,series1,1,1
BH5,93,94,582547.14,3639063.17,1839.33,rock3,series1,1,1
BH5,94,95,582546.8,3639063.11,1840.27,rock3,series1,1,1
BH5,95,96,582546.46,3639063.05,1841.21,rock3,series1,1,1
BH5,96,97,582546.13,3639062.99,1842.15,rock3,series1,1,1
BH5,97,98,582545.79,3639062.93,1843.09,rock3,series1,1,1
BH5,98,99,582545.45,3639062.87,1844.03,rock3,series1,1,1
BH5,99,100,582545.12,3639062.81,1844.97,rock3,series1,1,1
BH5,100,101,582544.78,3639062.75,1845.91,rock3,series1,1,1
BH5,101,102,582544.44,3639062.69,1846.85,rock3,series1,1,1
BH5,102,103,582544.11,3639062.63,1847.79,rock3,series1,1,1
BH5,103,104,582543.77,3639062.57,1848.73,rock3,series1,1,1
BH5,104,105,582543.43,3639062.51,1849.67,rock3,series1,1,1
BH5,105,106,582543.1,3639062.45,1850.61,rock3,series1,1,1
BH5,106,107,582542.76,3639062.4,1851.55,rock3,series1,1,1
BH5,107,108,582542.42,3639062.34,1852.49,rock3,series1,1,1
BH5,108,109,582542.09,3639062.28,1853.43,rock3,series1,1,1
BH5,109,110,582541.75,3639062.22,1854.37,rock3,series1,1,1
BH5,110,111,582541.41,3639062.16,1855.31,rock3,series1,1,1
BH5,111,112,582541.08,3639062.1,1856.25,rock3,series1,1,1
BH5,112,113,582540.74,3639062.04,1857.19,rock3,series1,1,1
BH5,113,114,582540.4,3639061.98,1858.12,rock3,series1,1,1
BH5,114,115,582540.07,3639061.92,1859.06,rock3,series1,1,1
BH5,115,116,582539.73,3639061.86,1860.0,rock3,series1,1,1
BH5,116,117,582539.39,3639061.8,1860.94,rock3,series1,1,1
BH5,117,118,582539.05,3639061.74,1861.88,rock3,series1,1,1
BH5,118,119,582538.72,3639061.68,1862.82,rock3,series1,1,1
BH5,119,120,582538.38,3639061.62,1863.76,rock3,series1,1,1
BH5,120,121,582538.04,3639061.56,1864.7,rock3,series1,1,1
BH5,121,122,582537.71,3639061.5,1865.64,rock3,series1,1,1
BH5,122,123,582537.37,3639061.44,1866.58,rock3,series1,1,1
BH5,123,124,582537.03,3639061.39,1867.52,rock3,series1,1,1
BH5,124,125,582536.7,3639061.33,1868.46,rock3,series1,1,1
BH5,125,126,582536.36,3639061.27,1869.4,rock3,series1,1,1
BH5,126,127,582536.02,3639061.21,1870.34,rock3,series1,1,1
BH5,127,128,582535.69,3639061.15,1871.28,rock3,series1,1,1
BH5,128,129,582535.35,3639061.09,1872.22,rock3,series1,1,1
BH5,129,130,582535.01,3639061.03,1873.16,rock3,series1,1,1
BH5,130,131,582534.68,3639060.97,1874.1,rock3,series1,1,1
BH5,131,132,582534.34,3639060.91,1875.04,rock3,series1,1,1
BH5,132,133,582534.0,3639060.85,1875.98,rock3,series1,1,1
BH5,133,134,582533.67,3639060.79,1876.92,rock3,series1,1,1
BH5,134,135,582533.33,3639060.73,1877.86,rock3,series1,1,1
BH5,135,136,582532.99,3639060.67,1878.8,rock3,series1,1,1
BH5,136,137,582532.66,3639060.61,1879.74,rock3,series1,1,1
BH5,137,138,582532.32,3639060.55,1880.68,rock3,series1,1,1
BH5,138,139,582531.98,3639060.49,1881.62,rock3,series1,1,1
BH5,139,140,582531.64,3639060.44,1882.56,rock3,series1,1,1
BH5,140,141,582531.31,3639060.38,1883.5,rock3,series1,1,1
BH5,141,142,582530.97,3639060.32,1884.44,rock3,series1,1,1
BH5,142,143,582530.63,3639060.26,1885.38,rock3,series1,1,1
BH5,143,144,582530.3,3639060.2,1886.32,rock3,series1,1,1
BH5,144,145,582529.96,3639060.14,1887.26,rock3,series1,1,1
BH5,145,146,582529.62,3639060.08,1888.2,rock3,series1,1,1
BH5,146,147,582529.29,3639060.02,1889.13,rock3,series1,1,1
BH5,147,148,582528.95,3639059.96,1890.07,rock3,series1,1,1
BH5,148,149,582528.61,3639059.9,1891.01,rock3,series1,1,1
BH5,149,150,582528.28,3639059.84,1891.95,rock3,series1,1,1
BH5,150,151,582527.94,3639059.78,1892.89,rock3,series1,1,1
BH5,151,152,582527.6,3639059.72,1893.83,rock3,series1,1,1
BH5,152,153,582527.27,3639059.66,1894.77,rock3,series1,1,1
BH5,153,154,582526.93,3639059.6,1895.71,rock3,series1,1,1
BH5,154,155,582526.59,3639059.54,1896.65,rock3,series1,1,1
BH5,155,156,582526.26,3639059.48,1897.59,rock3,series1,1,1
BH5,156,157,582525.92,3639059.43,1898.53,rock3,series1,1,1
BH5,157,158,582525.58,3639059.37,1899.47,rock3,series1,1,1
BH5,158,159,582525.24,3639059.31,1900.41,rock3,series1,1,1
BH5,159,160,582524.91,3639059.25,1901.35,rock3,series1,1,1
BH5,160,161,582524.57,3639059.19,1902.29,rock3,series1,1,1
BH5,161,162,582524.23,3639059.13,1903.23,rock3,series1,1,1
BH5,162,163,582523.9,3639059.07,1904.17,rock3,series1,1,1
BH5,163,164,582523.56,3639059.01,1905.11,rock3,series1,1,1
BH5,164,165,582523.22,3639058.95,1906.05,rock3,series1,1,1
BH5,165,166,582522.89,3639058.89,1906.99,rock3,series1,1,1
BH5,166,167,582522.55,3639058.83,1907.93,rock3,series1,1,1
BH5,167,168,582522.21,3639058.77,1908.87,rock3,series1,1,1
BH5,168,169,582521.88,3639058.71,1909.81,rock3,series1,1,1
BH5,169,170,582521.54,3639058.65,1910.75,rock3,series1,1,1
BH5,170,171,582521.2,3639058.59,1911.69,rock3,series1,1,1
BH5,171,172,582520.87,3639058.53,1912.63,rock3,series1,1,1
BH5,172,173,582520.53,3639058.48,1913.57,rock3,series1,1,1
BH5,173,174,582520.19,3639058.42,1914.51,rock3,series1,1,1
BH5,174,175,582519.86,3639058.36,1915.45,rock3,series1,1,1
BH5,175,176,582519.52,3639058.3,1916.39,rock3,series1,1,1
BH5,176,177,582519.18,3639058.24,1917.33,rock3,series1,1,1
BH5,177,178,582518.85,3639058.18,1918.27,rock3,series1,1,1
BH5,178,179,582518.51,3639058.12,1919.2,rock3,series1,1,1
BH5,179,180,582518.17,3639058.06,1920.14,rock3,series1,1,1
BH5,180,181,582517.83,3639058.0,1921.08,rock3,series1,1,1
BH5,181,182,582517.5,3639057.94,1922.02,rock3,series1,1,1
BH5,182,183,582517.16,3639057.88,1922.96,rock3,series1,1,1
BH5,183,184,582516.82,3639057.82,1923.9,rock3,series1,1,1
BH5,184,185,582516.49,3639057.76,1924.84,rock3,series1,1,1
BH5,185,186,582516.15,3639057.7,1925.78,rock3,series1,1,1
BH5,186,187,582515.81,3639057.64,1926.72,rock3,series1,1,1
BH5,187,188,582515.48,3639057.58,1927.66,rock3,series1,1,1
BH5,188,189,582515.14,3639057.53,1928.6,rock3,series1,1,1
BH5,189,190,582514.8,3639057.47,1929.54,rock3,series1,1,1
BH5,190,191,582514.47,3639057.41,1930.48,rock3,series1,1,1
BH5,191,192,582514.13,3639057.35,1931.42,rock3,series1,1,1
BH5,192,193,582513.79,3639057.29,1932.36,rock3,series1,1,1
BH5,193,194,582513.46,3639057.23,1933.3,rock3,series1,1,1
BH5,194,195,582513.12,3639057.17,1934.24,rock3,series1,1,1
BH5,195,196,582512.78,3639057.11,1935.18,rock3,series1,1,1
BH5,196,197,582512.45,3639057.05,1936.12,rock3,series1,1,1
BH5,197,198,582512.11,3639056.99,1937.06,rock3,series1,1,1
BH5,198,199,582511.77,3639056.93,1938.0,rock3,series1,1,1
BH5,199,200,582511.44,3639056.87,1938.94,rock3,series1,1,1
BH6,0,1,582731.72,3639127.68,1767.0,rock3,series1,1,1
BH6,1,2,582731.72,3639127.68,1768.0,rock3,series1,1,1
BH6,2,3,582731.72,3639127.68,1769.0,rock3,series1,1,1
BH6,3,4,582731.72,3639127.68,1770.0,rock3,series1,1,1
BH6,4,5,582731.72,3639127.68,1771.0,rock3,series1,1,1
BH6,5,6,582731.72,3639127.68,1772.0,rock3,series1,1,1
BH6,6,7,582731.72,3639127.68,1773.0,rock3,series1,1,1
BH6,7,8,582731.72,3639127.68,1774.0,rock3,series1,1,1
BH6,8,9,582731.72,3639127.68,1775.0,rock3,series1,1,1
BH6,9,10,582731.72,3639127.68,1776.0,rock3,series1,1,1
BH6,10,11,582731.72,3639127.68,1777.0,rock3,series1,1,1
BH6,11,12,582731.72,3639127.68,1778.0,rock3,series1,1,1
BH6,12,13,582731.72,3639127.68,1779.0,rock3,series1,1,1
BH6,13,14,582731.72,3639127.68,1780.0,rock3,series1,1,1
BH6,14,15,582731.72,3639127.68,1781.0,rock3,series1,1,1
BH6,15,16,582731.72,3639127.68,1782.0,rock3,series1,1,1
BH6,16,17,582731.72,3639127.68,1783.0,rock3,series1,1,1
BH6,17,18,582731.72,3639127.68,1784.0,rock3,series1,1,1
BH6,18,19,582731.72,3639127.68,1785.0,rock3,series1,1,1
BH6,19,20,582731.72,3639127.68,1786.0,rock3,series1,1,1
BH6,20,21,582731.72,3639127.68,1787.0,rock3,series1,1,1
BH6,21,22,582731.72,3639127.68,1788.0,rock3,series1,1,1
BH6,22,23,582731.72,3639127.68,1789.0,rock3,series1,1,1
BH6,23,24,582731.72,3639127.68,1790.0,rock3,series1,1,1
BH6,24,25,582731.72,3639127.68,1791.0,rock3,series1,1,1
BH6,25,26,582731.72,3639127.68,1792.0,rock3,series1,1,1
BH6,26,27,582731.72,3639127.68,1793.0,rock3,series1,1,1
BH6,27,28,582731.72,3639127.68,1794.0,rock3,series1,1,1
BH6,28,29,582731.72,3639127.68,1795.0,rock3,series1,1,1
BH6,29,30,582731.72,3639127.68,1796.0,rock3,series1,1,1
BH6,30,31,582731.72,3639127.68,1797.0,rock3,series1,1,1
BH6,31,32,582731.72,3639127.68,1798.0,rock3,series1,1,1
BH6,32,33,582731.72,3639127.68,1799.0,rock3,series1,1,1
BH6,33,34,582731.72,3639127.68,1800.0,rock3,series1,1,1
BH6,34,35,582731.72,3639127.68,1801.0,rock3,series1,1,1
BH6,35,36,582731.72,3639127.68,1802.0,rock3,series1,1,1
BH6,36,37,582731.72,3639127.68,1803.0,rock3,series1,1,1
BH6,37,38,582731.72,3639127.68,1804.0,rock3,series1,1,1
BH6,38,39,582731.72,3639127.68,1805.0,rock3,series1,1,1
BH6,39,40,582731.72,3639127.68,1806.0,rock3,series1,1,1
BH6,40,41,582731.72,3639127.68,1807.0,rock3,series1,1,1
BH6,41,42,582731.72,3639127.68,1808.0,rock3,series1,1,1
BH6,42,43,582731.72,3639127.68,1809.0,rock3,series1,1,1
BH6,43,44,582731.72,3639127.68,1810.0,rock3,series1,1,1
BH6,44,45,582731.72,3639127.68,1811.0,rock3,series1,1,1
BH6,45,46,582731.72,3639127.68,1812.0,rock3,series1,1,1
BH6,46,47,582731.72,3639127.68,1813.0,rock3,series1,1,1
BH6,47,48,582731.72,3639127.68,1814.0,rock3,series1,1,1
BH6,48,49,582731.72,3639127.68,1815.0,rock3,series1,1,1
BH6,49,50,582731.72,3639127.68,1816.0,rock3,series1,1,1
BH6,50,51,582731.72,3639127.68,1817.0,rock3,series1,1,1
BH6,51,52,582731.72,3639127.68,1818.0,rock3,series1,1,1
BH6,52,53,582731.72,3639127.68,1819.0,rock3,series1,1,1
BH6,53,54,582731.72,3639127.68,1820.0,rock3,series1,1,1
BH6,54,55,582731.72,3639127.68,1821.0,rock3,series1,1,1
BH6,55,56,582731.72,3639127.68,1822.0,rock3,series1,1,1
BH6,56,57,582731.72,3639127.68,1823.0,rock3,series1,1,1
BH6,57,58,582731.72,3639127.68,1824.0,rock3,series1,1,1
BH6,58,59,582731.72,3639127.68,1825.0,rock3,series1,1,1
BH6,59,60,582731.72,3639127.68,1826.0,rock3,series1,1,1
BH6,60,61,582731.72,3639127.68,1827.0,rock3,series1,1,1
BH6,61,62,582731.72,3639127.68,1828.0,rock3,series1,1,1
BH6,62,63,582731.72,3639127.68,1829.0,rock3,series1,1,1
BH6,63,64,582731.72,3639127.68,1830.0,rock3,series1,1,1
BH6,64,65,582731.72,3639127.68,1831.0,rock3,series1,1,1
BH6,65,66,582731.72,3639127.68,1832.0,rock3,series1,1,1
BH6,66,67,582731.72,3639127.68,1833.0,rock3,series1,1,1
BH6,67,68,582731.72,3639127.68,1834.0,rock3,series1,1,1
BH6,68,69,582731.72,3639127.68,1835.0,rock3,series1,1,1
BH6,69,70,582731.72,3639127.68,1836.0,rock3,series1,1,1
BH6,70,71,582731.72,3639127.68,1837.0,rock3,series1,1,1
BH6,71,72,582731.72,3639127.68,1838.0,rock3,series1,1,1
BH6,72,73,582731.72,3639127.68,1839.0,rock3,series1,1,1
BH6,73,74,582731.72,3639127.68,1840.0,rock3,series1,1,1
BH6,74,75,582731.72,3639127.68,1841.0,rock3,series1,1,1
BH6,75,76,582731.72,3639127.68,1842.0,rock3,series1,1,1
BH6,76,77,582731.72,3639127.68,1843.0,rock3,series1,1,1
BH6,77,78,582731.72,3639127.68,1844.0,rock3,series1,1,1
BH6,78,79,582731.72,3639127.68,1845.0,rock3,series1,1,1
BH6,79,80,582731.72,3639127.68,1846.0,rock3,series1,1,1
BH6,80,81,582731.72,3639127.68,1847.0,rock3,series1,1,1
BH6,81,82,582731.72,3639127.68,1848.0,rock3,series1,1,1
BH6,82,83,582731.72,3639127.68,1849.0,rock3,series1,1,1
BH6,83,84,582731.72,3639127.68,1850.0,rock3,series1,1,1
BH6,84,85,582731.72,3639127.68,1851.0,rock3,series1,1,1
BH6,85,86,582731.72,3639127.68,1852.0,rock3,series1,1,1
BH6,86,87,582731.72,3639127.68,1853.0,rock3,series1,1,1
BH6,87,88,582731.72,3639127.68,1854.0,rock3,series1,1,1
BH6,88,89,582731.72,3639127.68,1855.0,rock3,series1,1,1
BH6,89,90,582731.72,3639127.68,1856.0,rock3,series1,1,1
BH6,90,91,582731.72,3639127.68,1857.0,rock3,series1,1,1
BH6,91,92,582731.72,3639127.68,1858.0,rock3,series1,1,1
BH6,92,93,582731.72,3639127.68,1859.0,rock3,series1,1,1
BH6,93,94,582731.72,3639127.68,1860.0,rock3,series1,1,1
BH6,94,95,582731.72,3639127.68,1861.0,rock3,series1,1,1
BH6,95,96,582731.72,3639127.68,1862.0,rock3,series1,1,1
BH6,96,97,582731.72,3639127.68,1863.0,rock3,series1,1,1
BH6,97,98,582731.72,3639127.68,1864.0,rock3,series1,1,1
BH6,98,99,582731.72,3639127.68,1865.0,rock3,series1,1,1
BH6,99,100,582731.72,3639127.68,1866.0,rock3,series1,1,1
BH6,100,101,582731.72,3639127.68,1867.0,rock3,series1,1,1
BH6,101,102,582731.72,3639127.68,1868.0,rock3,series1,1,1
BH6,102,103,582731.72,3639127.68,1869.0,rock3,series1,1,1
BH6,103,104,582731.72,3639127.68,1870.0,rock3,series1,1,1
BH6,104,105,582731.72,3639127.68,1871.0,rock3,series1,1,1
BH6,105,106,582731.72,3639127.68,1872.0,rock3,series1,1,1
BH6,106,107,582731.72,3639127.68,1873.0,rock3,series1,1,1
BH6,107,108,582731.72,3639127.68,1874.0,rock3,series1,1,1
BH6,108,109,582731.72,3639127.68,1875.0,rock3,series1,1,1
BH6,109,110,582731.72,3639127.68,1876.0,rock3,series1,1,1
BH6,110,111,582731.72,3639127.68,1877.0,rock3,series1,1,1
BH6,111,112,582731.72,3639127.68,1878.0,rock3,series1,1,1
BH6,112,113,582731.72,3639127.68,1879.0,rock3,series1,1,1
BH6,113,114,582731.72,3639127.68,1880.0,rock3,series1,1,1
BH6,114,115,582731.72,3639127.68,1881.0,rock3,series1,1,1
BH6,115,116,582731.72,3639127.68,1882.0,rock3,series1,1,1
BH6,116,117,582731.72,3639127.68,1883.0,rock3,series1,1,1
BH6,117,118,582731.72,3639127.68,1884.0,rock3,series1,1,1
BH6,118,119,582731.72,3639127.68,1885.0,rock3,series1,1,1
BH6,119,120,582731.72,3639127.68,1886.0,rock3,series1,1,1
BH6,120,121,582731.72,3639127.68,1887.0,rock3,series1,1,1
BH6,121,122,582731.72,3639127.68,1888.0,rock3,series1,1,1
BH6,122,123,582731.72,3639127.68,1889.0,rock3,series1,1,1
BH6,123,124,582731.72,3639127.68,1890.0,rock3,series1,1,1
BH6,124,125,582731.72,3639127.68,1891.0,rock3,series1,1,1
BH6,125,126,582731.72,3639127.68,1892.0,rock3,series1,1,1
BH6,126,127,582731.72,3639127.68,1893.0,rock3,series1,1,1
BH6,127,128,582731.72,3639127.68,1894.0,rock3,series1,1,1
BH6,128,129,582731.72,3639127.68,1895.0,rock3,series1,1,1
BH6,129,130,582731.72,3639127.68,1896.0,rock3,series1,1,1
BH6,130,131,582731.72,3639127.68,1897.0,rock3,series1,1,1
BH6,131,132,582731.72,3639127.68,1898.0,rock3,series1,1,1
BH6,132,133,582731.72,3639127.68,1899.0,rock3,series1,1,1
BH6,133,134,582731.72,3639127.68,1900.0,rock3,series1,1,1
BH6,134,135,582731.72,3639127.68,1901.0,rock3,series1,1,1
BH6,135,136,582731.72,3639127.68,1902.0,rock3,series1,1,1
BH6,136,137,582731.72,3639127.68,1903.0,rock3,series1,1,1
BH6,137,138,582731.72,3639127.68,1904.0,rock3,series1,1,1
BH6,138,139,582731.72,3639127.68,1905.0,rock3,series1,1,1
BH6,139,140,582731.72,3639127.68,1906.0,rock3,series1,1,1
BH6,140,141,582731.72,3639127.68,1907.0,rock3,series1,1,1
BH6,141,142,582731.72,3639127.68,1908.0,rock3,series1,1,1
BH6,142,143,582731.72,3639127.68,1909.0,rock3,series1,1,1
BH6,143,144,582731.72,3639127.68,1910.0,rock3,series1,1,1
BH6,144,145,582731.72,3639127.68,1911.0,rock3,series1,1,1
BH6,145,146,582731.72,3639127.68,1912.0,rock3,series1,1,1
BH6,146,147,582731.72,3639127.68,1913.0,rock3,series1,1,1
BH6,147,148,582731.72,3639127.68,1914.0,rock3,series1,1,1
BH6,148,149,582731.72,3639127.68,1915.0,rock3,series1,1,1
BH6,149,150,582731.72,3639127.68,1916.0,rock3,series1,1,1
BH6,150,151,582731.72,3639127.68,1917.0,rock3,series1,1,1
BH6,151,152,582731.72,3639127.68,1918.0,rock3,series1,1,1
BH6,152,153,582731.72,3639127.68,1919.0,rock3,series1,1,1
BH6,153,154,582731.72,3639127.68,1920.0,rock3,series1,1,1
BH6,154,155,582731.72,3639127.68,1921.0,rock3,series1,1,1
BH6,155,156,582731.72,3639127.68,1922.0,rock3,series1,1,1
BH6,156,157,582731.72,3639127.68,1923.0,rock3,series1,1,1
BH6,157,158,582731.72,3639127.68,1924.0,rock3,series1,1,1
BH6,158,159,582731.72,3639127.68,1925.0,rock3,series1,1,1
BH6,159,160,582731.72,3639127.68,1926.0,rock3,series1,1,1
BH6,160,161,582731.72,3639127.68,1927.0,rock3,series1,1,1
BH6,161,162,582731.72,3639127.68,1928.0,rock3,series1,1,1
BH6,162,163,582731.72,3639127.68,1929.0,rock3,series1,1,1
BH6,163,164,582731.72,3639127.68,1930.0,rock3,series1,1,1
BH6,164,165,582731.72,3639127.68,1931.0,rock3,series1,1,1
BH6,165,166,582731.72,3639127.68,1932.0,rock3,series1,1,1
BH6,166,167,582731.72,3639127.68,1933.0,rock3,series1,1,1
BH6,167,168,582731.72,3639127.68,1934.0,rock3,series1,1,1
BH6,168,169,582731.72,3639127.68,1935.0,rock3,series1,1,1
BH6,169,170,582731.72,3639127.68,1936.0,rock3,series1,1,1
BH6,170,171,582731.72,3639127.68,1937.0,rock3,series1,1,1
BH6,171,172,582731.72,3639127.68,1938.0,rock3,series1,1,1
BH6,172,173,582731.72,3639127.68,1939.0,rock3,series1,1,1
BH6,173,174,582731.72,3639127.68,1940.0,rock3,series1,1,1
BH6,174,175,582731.72,3639127.68,1941.0,rock3,series1,1,1
BH6,175,176,582731.72,3639127.68,1942.0,rock3,series1,1,1
BH6,176,177,582731.72,3639127.68,1943.0,rock3,series1,1,1
BH6,177,178,582731.72,3639127.68,1944.0,rock3,series1,1,1
BH6,178,179,582731.72,3639127.68,1945.0,rock3,series1,1,1
BH6,179,180,582731.72,3639127.68,1946.0,rock3,series1,1,1
BH6,180,181,582731.72,3639127.68,1947.0,rock3,series1,1,1
BH6,181,182,582731.72,3639127.68,1948.0,rock3,series1,1,1
BH6,182,183,582731.72,3639127.68,1949.0,rock3,series1,1,1
BH6,183,184,582731.72,3639127.68,1950.0,rock3,series1,1,1
BH6,184,185,582731.72,3639127.68,1951.0,rock3,series1,1,1
BH6,185,186,582731.72,3639127.68,1952.0,rock3,series1,1,1
BH6,186,187,582731.72,3639127.68,1953.0,rock3,series1,1,1
BH6,187,188,582731.72,3639127.68,1954.0,rock3,series1,1,1
BH6,188,189,582731.72,3639127.68,1955.0,rock3,series1,1,1
BH6,189,190,582731.72,3639127.68,1956.0,rock3,series1,1,1
BH6,190,191,582731.72,3639127.68,1957.0,rock3,series1,1,1
BH6,191,192,582731.72,3639127.68,1958.0,rock3,series1,1,1
BH6,192,193,582731.72,3639127.68,1959.0,rock3,series1,1,1
BH6,193,194,582731.72,3639127.68,1960.0,rock3,series1,1,1
BH6,194,195,582731.72,3639127.68,1961.0,rock3,series1,1,1
BH6,195,196,582731.72,3639127.68,1962.0,rock3,series1,1,1
BH6,196,197,582731.72,3639127.68,1963.0,rock3,series1,1,1
BH6,197,198,582731.72,3639127.68,1964.0,rock3,series1,1,1
BH6,198,199,582731.72,3639127.68,1965.0,rock3,series1,1,1
BH6,199,200,582731.72,3639127.68,1966.0,rock3,series1,1,1
BH7,0,1,582816.49,3639172.42,1775.94,rock2,series3,3,3
BH7,1,2,582816.6,3639172.1,1776.88,rock2,series3,3,3
BH7,2,3,582816.72,3639171.78,1777.82,rock2,series3,3,3
BH7,3,4,582816.84,3639171.45,1778.76,rock2,series3,3,3
BH7,4,5,582816.95,3639171.13,1779.7,rock2,series3,3,3
BH7,5,6,582817.07,3639170.81,1780.64,rock2,series3,3,3
BH7,6,7,582817.19,3639170.49,1781.58,rock2,series3,3,3
BH7,7,8,582817.31,3639170.17,1782.52,rock2,series3,3,3
BH7,8,9,582817.42,3639169.85,1783.46,rock2,series3,3,3
BH7,9,10,582817.54,3639169.53,1784.4,rock2,series3,3,3
BH7,10,11,582817.66,3639169.2,1785.34,rock2,series3,3,3
BH7,11,12,582817.77,3639168.88,1786.28,rock2,series3,3,3
BH7,12,13,582817.89,3639168.56,1787.22,rock2,series3,3,3
BH7,13,14,582818.01,3639168.24,1788.16,rock2,series3,3,3
BH7,14,15,582818.12,3639167.92,1789.1,rock2,series3,3,3
BH7,15,16,582818.24,3639167.6,1790.04,rock2,series3,3,3
BH7,16,17,582818.36,3639167.28,1790.97,rock2,series3,3,3
BH7,17,18,582818.48,3639166.95,1791.91,rock2,series3,3,3
BH7,18,19,582818.59,3639166.63,1792.85,rock2,series3,3,3
BH7,19,20,582818.71,3639166.31,1793.79,rock2,series3,3,3
BH7,20,21,582818.83,3639165.99,1794.73,rock2,series3,3,3
BH7,21,22,582818.94,3639165.67,1795.67,rock2,series3,3,3
BH7,22,23,582819.06,3639165.35,1796.61,rock2,series3,3,3
BH7,23,24,582819.18,3639165.03,1797.55,rock2,series3,3,3
BH7,24,25,582819.29,3639164.71,1798.49,rock2,series3,3,3
BH7,25,26,582819.41,3639164.38,1799.43,rock2,series3,3,3
BH7,26,27,582819.53,3639164.06,1800.37,rock2,series3,3,3
BH7,27,28,582819.65,3639163.74,1801.31,rock2,series3,3,3
BH7,28,29,582819.76,3639163.42,1802.25,rock2,series3,3,3
BH7,29,30,582819.88,3639163.1,1803.19,rock2,series3,3,3
BH7,30,31,582820.0,3639162.78,1804.13,rock2,series3,3,3
BH7,31,32,582820.11,3639162.46,1805.07,rock2,series3,3,3
BH7,32,33,582820.23,3639162.13,1806.01,rock2,series3,3,3
BH7,33,34,582820.35,3639161.81,1806.95,rock2,series3,3,3
BH7,34,35,582820.46,3639161.49,1807.89,rock2,series3,3,3
BH7,35,36,582820.58,3639161.17,1808.83,rock2,series3,3,3
BH7,36,37,582820.7,3639160.85,1809.77,rock2,series3,3,3
BH7,37,38,582820.82,3639160.53,1810.71,rock2,series3,3,3
BH7,38,39,582820.93,3639160.21,1811.65,rock2,series3,3,3
BH7,39,40,582821.05,3639159.88,1812.59,rock2,series3,3,3
BH7,40,41,582821.17,3639159.56,1813.53,rock2,series3,3,3
BH7,41,42,582821.28,3639159.24,1814.47,rock2,series3,3,3
BH7,42,43,582821.4,3639158.92,1815.41,rock2,series3,3,3
BH7,43,44,582821.52,3639158.6,1816.35,rock2,series3,3,3
BH7,44,45,582821.63,3639158.28,1817.29,rock2,series3,3,3
BH7,45,46,582821.75,3639157.96,1818.23,rock2,series3,3,3
BH7,46,47,582821.87,3639157.63,1819.17,rock2,series3,3,3
BH7,47,48,582821.98,3639157.31,1820.11,rock2,series3,3,3
BH7,48,49,582822.1,3639156.99,1821.04,rock2,series3,3,3
BH7,49,50,582822.22,3639156.67,1821.98,rock2,series3,3,3
BH7,50,51,582822.34,3639156.35,1822.92,rock2,series3,3,3
BH7,51,52,582822.45,3639156.03,1823.86,rock2,series3,3,3
BH7,52,53,582822.57,3639155.71,1824.8,rock2,series3,3,3
BH7,53,54,582822.69,3639155.38,1825.74,rock2,series3,3,3
BH7,54,55,582822.8,3639155.06,1826.68,rock2,series3,3,3
BH7,55,56,582822.92,3639154.74,1827.62,rock2,series3,3,3
BH7,56,57,582823.04,3639154.42,1828.56,rock2,series3,3,3
BH7,57,58,582823.15,3639154.1,1829.5,rock2,series3,3,3
BH7,58,59,582823.27,3639153.78,1830.44,rock2,series3,3,3
BH7,59,60,582823.39,3639153.46,1831.38,rock2,series3,3,3
BH7,60,61,582823.51,3639153.13,1832.32,rock2,series3,3,3
BH7,61,62,582823.62,3639152.81,1833.26,rock2,series3,3,3
BH7,62,63,582823.74,3639152.49,1834.2,rock2,series3,3,3
BH7,63,64,582823.86,3639152.17,1835.14,rock2,series3,3,3
BH7,64,65,582823.97,3639151.85,1836.08,rock2,series3,3,3
BH7,65,66,582824.09,3639151.53,1837.02,rock2,series3,3,3
BH7,66,67,582824.21,3639151.21,1837.96,rock2,series3,3,3
BH7,67,68,582824.32,3639150.89,1838.9,rock2,series3,3,3
BH7,68,69,582824.44,3639150.56,1839.84,rock2,series3,3,3
BH7,69,70,582824.56,3639150.24,1840.78,rock2,series3,3,3
BH7,70,71,582824.68,3639149.92,1841.72,rock2,series3,3,3
BH7,71,72,582824.79,3639149.6,1842.66,rock2,series3,3,3
BH7,72,73,582824.91,3639149.28,1843.6,rock2,series3,3,3
BH7,73,74,582825.03,3639148.96,1844.54,rock2,series3,3,3
BH7,74,75,582825.14,3639148.64,1845.48,rock2,series3,3,3
BH7,75,76,582825.26,3639148.31,1846.42,rock2,series3,3,3
BH7,76,77,582825.38,3639147.99,1847.36,rock2,series3,3,3
BH7,77,78,582825.49,3639147.67,1848.3,rock2,series3,3,3
BH7,78,79,582825.61,3639147.35,1849.24,rock2,series3,3,3
BH7,79,80,582825.73,3639147.03,1850.18,rock2,series3,3,3
BH7,80,81,582825.85,3639146.71,1851.12,rock2,series3,3,3
BH7,81,82,582825.96,3639146.39,1852.05,rock2,series3,3,3
BH7,82,83,582826.08,3639146.06,1852.99,rock2,series3,3,3
BH7,83,84,582826.2,3639145.74,1853.93,rock2,series3,3,3
BH7,84,85,582826.31,3639145.42,1854.87,rock2,series3,3,3
BH7,85,86,582826.43,3639145.1,1855.81,rock2,series3,3,3
BH7,86,87,582826.55,3639144.78,1856.75,rock2,series3,3,3
BH7,87,88,582826.66,3639144.46,1857.69,rock2,series3,3,3
BH7,88,89,582826.78,3639144.14,1858.63,rock2,series3,3,3
BH7,89,90,582826.9,3639143.81,1859.57,rock2,series3,3,3
BH7,90,91,582827.01,3639143.49,1860.51,rock2,series3,3,3
BH7,91,92,582827.13,3639143.17,1861.45,rock2,series3,3,3
BH7,92,93,582827.25,3639142.85,1862.39,rock2,series3,3,3
BH7,93,94,582827.37,3639142.53,1863.33,rock2,series3,3,3
BH7,94,95,582827.48,3639142.21,1864.27,rock2,series3,3,3
BH7,95,96,582827.6,3639141.89,1865.21,rock2,series3,3,3
BH7,96,97,582827.72,3639141.56,1866.15,rock2,series3,3,3
BH7,97,98,582827.83,3639141.24,1867.09,rock2,series3,3,3
BH7,98,99,582827.95,3639140.92,1868.03,rock2,series3,3,3
BH7,99,100,582828.07,3639140.6,1868.97,rock2,series3,3,3
BH7,100,101,582828.18,3639140.28,1869.91,rock2,series3,3,3
BH7,101,102,582828.3,3639139.96,1870.85,rock2,series3,3,3
BH7,102,103,582828.42,3639139.64,1871.79,rock2,series3,3,3
BH7,103,104,582828.54,3639139.32,1872.73,rock2,series3,3,3
BH7,104,105,582828.65,3639138.99,1873.67,rock2,series3,3,3
BH7,105,106,582828.77,3639138.67,1874.61,rock2,series3,3,3
BH7,106,107,582828.89,3639138.35,1875.55,rock2,series3,3,3
BH7,107,108,582829.0,3639138.03,1876.49,rock2,series3,3,3
BH7,108,109,582829.12,3639137.71,1877.43,rock2,series3,3,3
BH7,109,110,582829.24,3639137.39,1878.37,rock2,series3,3,3
BH7,110,111,582829.35,3639137.07,1879.31,rock2,series3,3,3
BH7,111,112,582829.47,3639136.74,1880.25,rock2,series3,3,3
BH7,112,113,582829.59,3639136.42,1881.19,rock2,series3,3,3
BH7,113,114,582829.71,3639136.1,1882.12,rock2,series3,3,3
BH7,114,115,582829.82,3639135.78,1883.06,rock2,series3,3,3
BH7,115,116,582829.94,3639135.46,1884.0,rock2,series3,3,3
BH7,116,117,582830.06,3639135.14,1884.94,rock2,series3,3,3
BH7,117,118,582830.17,3639134.82,1885.88,rock2,series3,3,3
BH7,118,119,582830.29,3639134.49,1886.82,rock2,series3,3,3
BH7,119,120,582830.41,3639134.17,1887.76,rock2,series3,3,3
BH7,120,121,582830.52,3639133.85,1888.7,rock2,series3,3,3
BH7,121,122,582830.64,3639133.53,1889.64,rock2,series3,3,3
BH7,122,123,582830.76,3639133.21,1890.58,rock2,series3,3,3
BH7,123,124,582830.88,3639132.89,1891.52,rock2,series3,3,3
BH7,124,125,582830.99,3639132.57,1892.46,rock2,series3,3,3
BH7,125,126,582831.11,3639132.24,1893.4,rock2,series3,3,3
BH7,126,127,582831.23,3639131.92,1894.34,rock2,series3,3,3
BH7,127,128,582831.34,3639131.6,1895.28,rock2,series3,3,3
BH7,128,129,582831.46,3639131.28,1896.22,rock2,series3,3,3
BH7,129,130,582831.58,3639130.96,1897.16,rock2,series3,3,3
BH7,130,131,582831.69,3639130.64,1898.1,rock2,series3,3,3
BH7,131,132,582831.81,3639130.32,1899.04,rock2,series3,3,3
BH7,132,133,582831.93,3639129.99,1899.98,rock2,series3,3,3
BH7,133,134,582832.05,3639129.67,1900.92,rock2,series3,3,3
BH7,134,135,582832.16,3639129.35,1901.86,rock2,series3,3,3
BH7,135,136,582832.28,3639129.03,1902.8,rock2,series3,3,3
BH7,136,137,582832.4,3639128.71,1903.74,rock2,series3,3,3
BH7,137,138,582832.51,3639128.39,1904.68,rock2,series3,3,3
BH7,138,139,582832.63,3639128.07,1905.62,rock2,series3,3,3
BH7,139,140,582832.75,3639127.74,1906.56,rock2,series3,3,3
BH7,140,141,582832.86,3639127.42,1907.5,rock2,series3,3,3
BH7,141,142,582832.98,3639127.1,1908.44,rock2,series3,3,3
BH7,142,143,582833.1,3639126.78,1909.38,rock2,series3,3,3
BH7,143,144,582833.21,3639126.46,1910.32,rock2,series3,3,3
BH7,144,145,582833.33,3639126.14,1911.26,rock2,series3,3,3
BH7,145,146,582833.45,3639125.82,1912.2,rock2,series3,3,3
BH7,146,147,582833.57,3639125.5,1913.13,rock2,series3,3,3
BH7,147,148,582833.68,3639125.17,1914.07,rock2,series3,3,3
BH7,148,149,582833.8,3639124.85,1915.01,rock2,series3,3,3
BH7,149,150,582833.92,3639124.53,1915.95,rock2,series3,3,3
BH7,150,151,582834.03,3639124.21,1916.89,rock2,series3,3,3
BH7,151,152,582834.15,3639123.89,1917.83,rock2,series3,3,3
BH7,152,153,582834.27,3639123.57,1918.77,rock2,series3,3,3
BH7,153,154,582834.38,3639123.25,1919.71,rock2,series3,3,3
BH7,154,155,582834.5,3639122.92,1920.65,rock2,series3,3,3
BH7,155,156,582834.62,3639122.6,1921.59,rock2,series3,3,3
BH7,156,157,582834.74,3639122.28,1922.53,rock2,series3,3,3
BH7,157,158,582834.85,3639121.96,1923.47,rock2,series3,3,3
BH7,158,159,582834.97,3639121.64,1924.41,rock2,series3,3,3
BH7,159,160,582835.09,3639121.32,1925.35,rock2,series3,3,3
BH7,160,161,582835.2,3639121.0,1926.29,rock2,series3,3,3
BH7,161,162,582835.32,3639120.67,1927.23,rock2,series3,3,3
BH7,162,163,582835.44,3639120.35,1928.17,rock2,series3,3,3
BH7,163,164,582835.55,3639120.03,1929.11,rock2,series3,3,3
BH7,164,165,582835.67,3639119.71,1930.05,rock2,series3,3,3
BH7,165,166,582835.79,3639119.39,1930.99,rock2,series3,3,3
BH7,166,167,582835.91,3639119.07,1931.93,rock2,series3,3,3
BH7,167,168,582836.02,3639118.75,1932.87,rock2,series3,3,3
BH7,168,169,582836.14,3639118.42,1933.81,rock2,series3,3,3
BH7,169,170,582836.26,3639118.1,1934.75,rock2,series3,3,3
BH7,170,171,582836.37,3639117.78,1935.69,rock2,series3,3,3
BH7,171,172,582836.49,3639117.46,1936.63,rock2,series3,3,3
BH7,172,173,582836.61,3639117.14,1937.57,rock2,series3,3,3
BH7,173,174,582836.72,3639116.82,1938.51,rock2,series3,3,3
BH7,174,175,582836.84,3639116.5,1939.45,rock2,series3,3,3
BH7,175,176,582836.96,3639116.17,1940.39,rock2,series3,3,3
BH7,176,177,582837.08,3639115.85,1941.33,rock2,series3,3,3
BH7,177,178,582837.19,3639115.53,1942.27,rock2,series3,3,3
BH7,178,179,582837.31,3639115.21,1943.2,rock2,series3,3,3
BH7,179,180,582837.43,3639114.89,1944.14,rock2,series3,3,3
BH7,180,181,582837.54,3639114.57,1945.08,rock2,series3,3,3
BH7,181,182,582837.66,3639114.25,1946.02,rock2,series3,3,3
BH7,182,183,582837.78,3639113.92,1946.96,rock2,series3,3,3
BH7,183,184,582837.89,3639113.6,1947.9,rock2,series3,3,3
BH7,184,185,582838.01,3639113.28,1948.84,rock2,series3,3,3
BH7,185,186,582838.13,3639112.96,1949.78,rock2,series3,3,3
BH7,186,187,582838.24,3639112.64,1950.72,rock2,series3,3,3
BH7,187,188,582838.36,3639112.32,1951.66,rock2,series3,3,3
BH7,188,189,582838.48,3639112.0,1952.6,rock2,series3,3,3
BH7,189,190,582838.6,3639111.68,1953.54,rock2,series3,3,3
BH7,190,191,582838.71,3639111.35,1954.48,rock2,series3,3,3
BH7,191,192,582838.83,3639111.03,1955.42,rock2,series3,3,3
BH7,192,193,582838.95,3639110.71,1956.36,rock2,series3,3,3
BH7,193,194,582839.06,3639110.39,1957.3,rock2,series3,3,3
BH7,194,195,582839.18,3639110.07,1958.24,rock2,series3,3,3
BH7,195,196,582839.3,3639109.75,1959.18,rock2,series3,3,3
BH7,196,197,582839.41,3639109.43,1960.12,rock2,series3,3,3
BH7,197,198,582839.53,3639109.1,1961.06,rock2,series3,3,3
BH7,198,199,582839.65,3639108.78,1962.0,rock2,series3,3,3
BH7,199,200,582839.77,3639108.46,1962.94,rock2,series3,3,3
BH7,200,201,582839.88,3639108.14,1963.88,rock2,series3,3,3
BH7,201,202,582840.0,3639107.82,1964.82,rock2,series3,3,3
BH7,202,203,582840.12,3639107.5,1965.76,rock2,series3,3,3
BH7,203,204,582840.23,3639107.18,1966.7,rock2,series3,3,3
BH7,204,205,582840.35,3639106.85,1967.64,rock2,series3,3,3
BH7,205,206,582840.47,3639106.53,1968.58,rock2,series3,3,3
BH7,206,207,582840.58,3639106.21,1969.52,rock2,series3,3,3
BH7,207,208,582840.7,3639105.89,1970.46,rock2,series3,3,3
BH7,208,209,582840.82,3639105.57,1971.4,rock2,series3,3,3
